Participant,Scenario,Model,Log-Likelihood,AIC,BIC,Beta
1,indifference,Luce,-10.781881806388206,25.563763612776413,26.168933798764506,"[15.7507, -19.9355]"
1,indifference,RUM,-10.781881510816449,25.563763021632898,26.168933207620988,"[0.1575, -0.1994]"
1,indifference,ARUM,-10.781881806052306,25.563763612104612,26.168933798092702,"[15.7517, -19.9362]"
1,indifference,APUM,-9.702002049785104,23.40400409957021,24.009174285558302,"[14.2908, -18.09]"
1,indecisiveness,Luce,-1.7697938629559935e-06,100.00000353958772,115.12925818929001,"[5.7221, -1.266, -5.753, -0.4592, 1.2821, -0.5013, -0.0791, -0.4185, -1.01, -1.2164, 0.5674, 5.1161, -2.9381, -1.1974, -1.165, -1.4986, 2.8477, 1.7802, -0.475, 0.8801, -0.1678, -1.949, 0.5847, -2.1334, -5.0323, 1.0595, 2.2164, 5.4854, 0.0086, -0.1772, 0.2953, -0.2734, 0.4109, 1.9018, 3.2792, 1.3235, 2.4888, 0.998, -1.9812, 0.0879, 1.523, 4.0693, -3.8528, 0.4995, -0.2584, 0.0502, -0.7874, 3.1311, -0.2758, 0.9464]"
1,indecisiveness,RUM,-110.52408442371421,321.0481688474284,336.1774234971307,"[1.9087, -1.3428, 0.6112, 0.0232, 1.7947, -0.9092, -0.7523, -0.0499, -0.4935, -0.4593, 2.0284, 0.127, -0.7847, -0.39, 0.4049, 0.3374, -0.5773, -1.628, -0.0505, -0.0776, -0.6461, 1.2798, 0.5746, 0.1348, -0.3607, 1.733, -1.1545, -0.4966, -0.4524, 0.299, 0.6609, -1.3366, -0.6846, 0.4476, -0.6651, -0.4018, 0.1726, -0.9799, 0.2776, 0.6126, 0.0384, 1.4254, 0.7254, -0.0409, -0.3214, 1.7547, -0.6615, -0.2722, -0.4098, 0.3978]"
1,indecisiveness,ARUM,-1.8283465419049476e-06,100.00000365669308,115.12925830639537,"[4.3975, -0.9251, -1.2927, -0.7829, 0.0372, -0.1878, 0.3554, 1.8327, -0.396, 1.0133, -0.7088, 1.9126, -1.7765, 0.1321, -2.2601, -1.9384, 1.3611, -0.2658, -3.7442, 4.204, -1.4778, -6.205, 6.0498, 0.159, 0.1255, 2.1792, -1.5946, 0.4596, 0.16, -1.4556, 0.0083, 0.3373, -2.3213, 1.0932, 0.8078, 1.1039, 1.4104, 0.0015, -0.4405, -0.5421, -0.9938, 3.0427, -1.9812, -6.7124, -7.3317, -3.9258, -2.5804, 8.878, 9.9024, 0.1123]"
1,indecisiveness,APUM,1.7833145958976415e-05,99.99996433370808,115.12921898341037,"[2.2885, -1.2959, -1.3978, -1.4002, 2.2193, 1.4508, 0.1888, -1.4044, -0.2482, -0.4573, -0.3612, 4.6945, -1.7924, -1.6018, -1.3555, 0.583, 1.1147, 1.2501, -0.3835, 0.902, -0.9119, -0.7831, 0.6319, -1.0755, -1.3065, 1.4177, -0.038, 3.3372, -1.0879, 0.344, -0.2131, -0.3776, 0.0128, 1.7054, 0.2357, 2.4048, 0.9757, -1.4089, -1.246, -1.4903, -0.3177, 2.5137, -1.0529, 1.3187, -0.2053, -0.516, -2.1251, 0.5908, 2.5458, 0.3148]"
1,experimentation,Luce,-10.452906403054657,24.905812806109314,25.510982992097404,"[-0.3326, 1.3929]"
1,experimentation,RUM,-147.36544593161895,298.7308918632379,299.336062049226,"[0.9396, -1.6835]"
1,experimentation,ARUM,-10.452906403053209,24.905812806106418,25.51098299209451,"[-0.3326, 1.3929]"
1,experimentation,APUM,-9.403140201873589,22.806280403747177,23.411450589735267,"[-0.3018, 1.2655]"
2,indifference,Luce,-9.884531721331994,23.769063442663988,24.374233628652078,"[111.5705, 1.6757]"
2,indifference,RUM,-9.884531438096905,23.76906287619381,24.3742330621819,"[1.1158, 0.0168]"
2,indifference,ARUM,-9.884531731651307,23.769063463302615,24.37423364929071,"[111.5533, 1.6763]"
2,indifference,APUM,-8.893227518414974,21.78645503682995,22.391625222818043,"[99.7801, 1.608]"
2,indecisiveness,Luce,-1.4683591927250991e-06,100.00000293671839,115.12925758642068,"[-2.393, 0.9831, 4.9727, -2.479, 4.2861, 0.0446, -3.1484, -0.8142, -0.6618, -2.7601, 1.2039, 0.1209, 1.6409, -0.6967, -1.011, 1.4589, -2.1089, -0.3717, -0.0134, -1.5944, -0.5809, 1.7295, 0.0085, -1.2782, 3.4578, -1.3835, 0.2851, 0.6186, -0.0718, 1.4437, -2.3896, 0.6432, 1.1371, -0.9385, 0.2515, -0.5995, 0.9695, 4.242, -0.4313, -0.6116, 0.6608, -3.8773, 3.765, 1.0161, 0.115, -0.4524, -1.9551, -1.775, -0.2986, 0.5847]"
2,indecisiveness,RUM,-165.78612668557133,431.57225337114266,446.7015080208449,"[-1.1279, 0.5263, 0.0427, 0.6503, 0.9456, 1.3436, 0.6033, -0.2953, 0.1889, 2.3292, 0.9855, 0.0715, -0.1505, -0.5982, -1.1872, 1.7081, 0.4785, -1.2689, -0.1253, 1.2705, -0.4469, -0.8145, 0.3568, 0.6582, -0.4457, -0.5995, 0.4606, -1.1248, -0.5382, -0.1204, 0.739, -0.4277, 0.5633, 1.166, -0.5064, 3.2229, 1.4196, 0.2725, -0.1818, -0.5553, 1.6613, 0.2105, -1.4388, -1.7121, 0.1124, 0.1344, -0.917, -1.5144, -1.9631, -0.7593]"
2,indecisiveness,ARUM,-3.6359362922169223e-06,100.00000727187259,115.12926192157488,"[-3.0613, 0.1302, 3.1298, -1.657, 4.3862, 0.5132, -2.7472, -0.8644, -1.2619, -4.4552, 7.6218, -0.4891, 0.6138, -1.8769, -0.7527, 2.0615, 0.1049, -0.64, 1.1727, -0.7897, 0.9636, -0.0288, -0.7362, -2.2411, 1.3018, -0.275, -0.3011, -1.1172, -1.0131, 0.0867, -1.8925, 1.0551, 1.0154, -0.0973, -1.2346, 0.1447, -4.2954, 7.3173, -8.4978, 0.2987, -1.2256, -1.2477, 1.7154, 1.7968, 1.2554, -0.812, -0.5212, -0.9596, -1.1944, 0.7275]"
2,indecisiveness,APUM,2.842354883191702e-05,99.99994315290233,115.12919780260462,"[-1.7888, 0.1357, 2.8459, -1.0764, 3.2082, 0.2296, -1.1979, 0.2257, 0.2834, -0.7634, 1.3327, -0.1624, 1.3189, -2.5536, -2.816, 1.7554, 0.3934, -0.5412, 1.4596, -0.3687, -1.0087, -0.2678, -1.5757, -1.4532, 1.3166, -0.7714, 1.0352, -1.7377, -1.4782, -1.0132, 0.4291, 0.8549, 0.4119, -1.213, -0.9677, -0.4956, -0.4476, 1.7717, -0.452, -1.7224, -0.1962, -1.3111, 1.1009, 0.8266, 2.1247, -1.7109, 1.8915, -0.3035, -0.9166, 0.0667]"
2,experimentation,Luce,-9.7043551380026,23.4087102760052,24.01388046199329,"[0.0235, -11.4381]"
2,experimentation,RUM,-58.9076336297133,121.8152672594266,122.42043744541469,"[-0.3703, -0.3187]"
2,experimentation,ARUM,-9.70435513799311,23.40871027598622,24.01388046197431,"[0.0235, -11.4381]"
2,experimentation,APUM,-8.731258343729657,21.462516687459313,22.067686873447407,"[0.0213, -10.2963]"
3,indifference,Luce,-0.003246219168386577,4.006492438336773,4.611662624324865,"[1360.6514, 3375.3104]"
3,indifference,RUM,-3.4908009376929096e-05,4.000069816018754,4.605240002006846,"[27.5903, 58.2367]"
3,indifference,ARUM,-0.003318404565920045,4.00663680913184,4.611806995119932,"[1367.827, 3359.2941]"
3,indifference,APUM,-0.004618308692048788,4.009236617384097,4.614406803372189,"[1088.9187, 2683.2563]"
3,indecisiveness,Luce,-5.569261367230064e-06,100.00001113852274,115.12926578822503,"[3.2239, -0.0854, -3.5353, 2.581, -3.5668, -0.9696, -1.6075, 3.9153, -4.9899, -0.6674, 1.9443, -1.3944, -0.4015, 0.5464, 1.1672, -2.3422, -0.1651, -0.5155, 3.3402, -2.9378, 0.1102, 2.7116, -4.4249, 0.7795, 0.0513, 2.8222, -0.6313, 1.2371, -0.0424, 0.8174, -2.4859, 1.5145, 0.9329, -1.0428, -1.5984, -1.71, 0.1326, 1.1311, -1.4372, 0.0331, 2.6517, -0.7324, 0.1255, -0.5798, -1.0281, -1.4432, -0.0043, 1.389, -0.2629, -0.1326]"
3,indecisiveness,RUM,-92.10340366976186,284.2068073395237,299.336061989226,"[-1.2091, 0.968, -0.1757, 0.8275, 0.0319, 0.0087, 0.1639, 1.48, 0.1865, 1.1092, 1.0452, -0.1633, -0.0739, -0.3778, 1.2832, -0.9411, -0.723, -0.2762, -1.1482, -0.5913, 1.1361, 0.6514, -0.4207, 0.8028, 2.0819, 0.3131, 1.4204, 0.8516, -0.2944, 0.1973, 0.5263, -0.745, -2.6092, -0.8341, -2.1581, -0.7515, -1.7074, 0.8801, -1.1826, 0.5441, 0.7666, 0.7015, -1.8683, 1.1226, 0.4203, 0.8043, 1.8299, 0.7943, -1.1827, 0.6533]"
3,indecisiveness,ARUM,-3.894773126804058e-06,100.00000778954626,115.12926243924855,"[1.0382, -0.2832, -2.8249, 1.1096, -3.0373, -1.3944, -0.5308, 1.1557, -2.341, 0.1154, 2.2789, -1.0802, 0.6802, 5.3778, 6.7655, -0.3171, -4.4209, -3.5321, 2.2234, -0.3319, 0.1278, -0.0037, -1.0999, -0.4534, -1.1742, 0.0907, -0.5379, 1.9088, -0.7027, -1.038, -0.9138, 1.3625, -0.7458, -2.2586, -0.5597, -1.2186, -1.1224, 4.5992, -5.2986, 1.3774, 1.9576, 0.0633, 0.509, -0.588, -0.5651, -0.0929, -1.865, 0.4249, 1.3004, 1.7761]"
3,indecisiveness,APUM,4.981312711312874e-05,99.99990037374577,115.12915502344806,"[0.0987, 0.1963, -2.4923, 1.6813, -0.7196, 0.9259, 0.1287, -0.3787, -2.334, -1.2815, 1.2472, 0.1618, -0.2438, 0.0399, 1.6885, -0.186, 0.3161, -2.1456, 1.4403, -0.121, -0.0907, -0.5857, -0.9379, -0.8196, -2.2476, -0.6105, -1.5559, 0.1466, -1.1077, 0.7325, -1.6618, 1.1913, 0.8332, -1.0654, -0.0934, -0.8505, 0.5825, 2.6232, 0.3538, 0.7648, 1.5672, 0.5511, 0.0429, 0.3964, 0.0376, -1.5564, -1.7021, 1.0354, 1.4805, -0.5451]"
3,experimentation,Luce,-3.916628634657514e-06,4.0000078332572695,4.605178019245361,"[7.2802, 0.1417]"
3,experimentation,RUM,9.999999889225291e-08,3.999999800000002,4.605169985988094,"[0.902, 0.2275]"
3,experimentation,ARUM,-2.5002778826562723e-06,4.000005000555765,4.605175186543857,"[7.4961, -0.3344]"
3,experimentation,APUM,8.993638592572524e-05,3.9998201272281486,4.60499031321624,"[4.7077, 1.1298]"
4,indifference,Luce,-10.202289649647485,24.40457929929497,25.00974948528306,"[50.819, -49.0553]"
4,indifference,RUM,-10.202289358851363,24.404578717702726,25.00974890369082,"[0.5082, -0.4906]"
4,indifference,ARUM,-10.202289656695909,24.404579313391817,25.009749499379907,"[50.8279, -49.0621]"
4,indifference,APUM,-9.177319324194624,22.354638648389248,22.95980883437734,"[45.931, -44.3139]"
4,indecisiveness,Luce,-3.6496321814895773e-06,100.00000729926437,115.12926194896666,"[0.8132, 2.5298, -2.7738, 3.3974, -4.2024, 1.3019, -0.6333, 3.142, -2.0345, 0.2359, -2.9366, -2.0539, 1.8432, 0.3439, -0.6622, -1.2695, 0.4197, 1.7081, -2.4401, -1.4379, 0.2715, 0.3092, -0.2433, 1.105, -0.9342, 0.7982, -0.6539, 1.7789, -1.2543, -1.6678, -0.288, 0.9887, 0.1966, -2.4357, 0.3474, 0.1057, -0.9721, 1.5407, -2.3299, 2.4822, 0.0348, -0.246, -1.6953, -1.137, 0.1093, -0.1137, 0.4102, 2.0531, 2.6136, 0.1579]"
4,indecisiveness,RUM,-184.20680743952371,468.41361487904743,483.54286952874975,"[-0.6216, 1.1841, 1.3635, 0.9308, 0.6126, 1.392, 0.342, -0.0205, 0.7255, 0.4776, 0.8853, -0.1319, 0.9093, 0.8576, 0.2133, -0.7503, 1.2406, -1.2097, -0.9577, 0.168, -2.5079, 1.543, 0.0147, 1.5395, 1.804, -0.1548, 1.3488, -1.0601, 0.4333, -0.4734, 0.6965, 0.8826, -0.1599, 0.5448, 0.9447, 0.1878, 2.539, -0.1371, 1.6559, 1.1454, -1.8599, 1.493, 1.0739, 0.1141, 0.3689, 0.4928, 1.3753, -0.4131, 1.586, -1.0841]"
4,indecisiveness,ARUM,-2.3238210087836966e-06,100.00000464764202,115.1292592973443,"[6.5706, 4.5447, -11.0229, 2.2466, -5.6357, -1.4909, -3.1989, 1.081, -0.2318, 12.7902, -18.4127, -30.9697, 23.5245, 0.8222, -0.6401, -9.5194, 10.8951, 9.3672, -6.7158, -0.3609, 7.506, -7.4499, 0.0007, 9.4953, -0.4885, 0.7692, 0.2796, 1.6314, -0.3996, -3.2607, -1.984, 9.2019, 7.7172, -5.5326, -6.3655, -13.8502, -12.1916, 23.1428, -8.6714, 4.2719, 5.1458, -0.4712, -3.3969, -7.321, -7.9531, -4.9145, -5.6448, 11.88, 10.6823, -4.4896]"
4,indecisiveness,APUM,1.7021954149533714e-05,99.9999659560917,115.12922060579399,"[1.8756, 1.2724, -2.0579, 1.2136, -1.5153, -0.3723, -0.74, 1.7752, -1.4126, 0.84, -1.0128, -6.4127, 5.2043, -1.9002, -1.1343, 0.3659, 2.4914, 3.5786, -1.045, 0.1947, 0.5709, -0.4182, -1.8851, 1.4547, -0.8492, 1.8237, 0.1052, 1.1273, -0.5883, -0.2863, -1.3929, 1.9914, 0.5033, 1.043, -0.7187, -1.9018, -0.4501, 0.9206, -0.8581, 1.1815, 0.6786, -0.8451, -0.9115, -0.5719, 0.4389, 0.7025, -0.8298, 1.3285, 0.8906, -1.3326]"
4,experimentation,Luce,-8.182752521327531,20.365505042655062,20.970675228643152,"[0.7229, 0.4943]"
4,experimentation,RUM,-130.822276910575,265.64455382115,266.24972400713807,"[-1.0644, -0.7747]"
4,experimentation,ARUM,-8.18275252126462,20.36550504252924,20.97067522851733,"[0.7229, 0.4943]"
4,experimentation,APUM,-7.341034094384009,18.682068188768017,19.287238374756107,"[0.6557, 0.4449]"
5,indifference,Luce,-0.0032084112111947917,4.0064168224223895,4.611587008410481,"[1365.2949, 3381.0701]"
5,indifference,RUM,-3.471658441849395e-05,4.000069433168837,4.6052396191569285,"[28.7512, 58.002]"
5,indifference,ARUM,-0.003329514228466473,4.006659028456933,4.611829214445025,"[1366.2207, 3357.7424]"
5,indifference,APUM,-0.0046286020177179876,4.009257204035436,4.614427390023528,"[1086.3995, 2682.9843]"
5,indecisiveness,Luce,-2.1944614192012523e-06,100.00000438892283,115.12925903862512,"[1.7517, 1.2711, -2.3681, 2.7116, -3.7186, -1.3684, -2.4738, 1.0957, -2.6979, -1.8448, 4.1414, -0.9729, 0.3585, 1.2008, 2.0164, -2.5431, -0.4062, -1.7012, 1.0793, -1.6444, 0.5078, 1.3997, 0.0057, -0.5632, -2.0068, 0.8807, -0.4229, 1.8229, -1.6736, -0.5154, -0.8607, 1.6858, 1.5699, -0.6982, -0.0926, 2.1799, 3.5261, -2.4578, -1.1977, 2.0217, 0.7575, -0.7797, -0.1971, 1.0354, 1.4436, 0.4581, -0.4067, -1.1538, -1.3175, 0.3368]"
5,indecisiveness,RUM,-110.52408442371421,321.0481688474284,336.1774234971307,"[0.1429, -1.8225, -0.3611, 0.5403, 0.4237, 1.4111, 0.8374, 0.4083, 0.0287, -0.4565, 0.5033, 0.3235, -0.3743, -0.8671, -0.0531, 1.156, 0.1102, 0.0284, 0.4232, 0.4813, 0.2489, -0.0421, -0.5082, 1.0049, -0.427, 1.5723, 0.1544, 0.0527, 0.76, -0.6532, 0.5739, 0.1153, 0.4109, -0.6836, -0.693, -1.8325, -0.4573, -0.5097, -0.6674, -0.1155, 0.0643, 0.4997, 0.5658, 0.6505, 0.6923, 0.2753, 0.0552, 0.9291, 0.6933, -1.482]"
5,indecisiveness,ARUM,-2.1760194306120368e-06,100.00000435203886,115.12925900174115,"[2.4308, -0.0225, -6.2075, 1.8814, -3.4496, -0.4242, -1.7773, 1.3854, -1.555, -1.5775, 2.1928, -0.5207, 0.4503, 2.1771, 2.6967, -1.9381, -1.7379, 0.167, 0.2764, -1.1112, -1.9405, 2.0285, -1.6005, -0.5629, -6.6952, 4.4938, 2.862, 4.1293, 3.2976, -0.4266, -1.6249, 0.9363, 1.8148, -0.5215, 0.8009, 2.2014, 2.2939, -1.5964, -1.8678, 2.0046, 1.4389, -2.3431, -3.0088, 1.4244, 2.0316, -0.6224, -0.6108, -0.3236, -2.6854, 0.4103]"
5,indecisiveness,APUM,7.182084759912336e-05,99.9998563583048,115.12911100800709,"[0.5103, 0.1706, -1.9654, 2.4827, -0.2788, 0.8304, -0.2293, 0.6383, -2.4872, -0.7039, 1.318, -1.388, -0.3391, 1.7774, 0.6735, -1.4332, 0.3684, 0.2847, 0.2208, -0.9059, -0.1484, 0.9607, 0.2132, -0.4301, -0.1323, 1.2545, 0.4052, 0.4752, -0.4317, 0.6093, -1.8996, 0.4472, 0.1409, -1.7005, 0.4804, 0.6981, 0.9332, -0.1704, -0.1563, 2.1238, 0.141, 0.4749, -0.192, 1.3926, 0.9853, 0.0629, 0.514, 0.5562, 0.0149, -0.1289]"
5,experimentation,Luce,-10.318618410586629,24.637236821173257,25.242407007161347,"[0.196, -3.9366]"
5,experimentation,RUM,-110.52408442371423,225.04816884742846,225.65333903341656,"[0.7152, 0.5899]"
5,experimentation,ARUM,-10.318618410586616,24.637236821173232,25.242407007161326,"[0.196, -3.9366]"
5,experimentation,APUM,-9.281934537379238,22.563869074758475,23.169039260746565,"[0.178, -3.561]"
6,indifference,Luce,-7.139983005120451,18.2799660102409,18.88513619622899,"[291.2521, -216.4007]"
6,indifference,RUM,-7.139982722716737,18.279965445433476,18.885135631421566,"[2.9124, -2.1642]"
6,indifference,ARUM,-7.139982980514629,18.27996596102926,18.88513614701735,"[291.2734, -216.4345]"
6,indifference,APUM,-6.4114086240444506,16.822817248088903,17.427987434076993,"[262.2478, -195.3655]"
6,indecisiveness,Luce,-4.135032194654819e-06,100.00000827006438,115.12926291976667,"[3.3793, -0.1773, -1.3655, -4.6635, 5.7341, 0.9323, -0.584, -3.9443, 6.8924, -3.2054, 4.4853, -1.0013, 1.1874, 1.9499, 1.2241, 0.7676, -0.9539, -2.8066, 1.4282, 1.638, -0.309, 0.9005, 3.0668, -0.8339, -1.4324, 6.5778, -3.671, 3.1219, -2.9915, 3.2262, 2.8874, -2.8864, -2.1431, -0.0422, -1.3449, -0.0683, 3.1848, 9.9878, -8.351, 4.5442, 4.145, 6.1823, -9.0412, -10.5214, -12.3148, 12.3141, 8.5056, 1.7172, 2.209, -0.3039]"
6,indecisiveness,RUM,-147.36544593161895,394.7308918632379,409.8601465129402,"[1.0558, -0.1798, -0.0797, -0.2586, 1.5813, -0.4544, -0.5767, -0.8572, -0.3686, 0.195, 0.6386, -0.7533, 0.3729, 0.612, -0.9328, 0.0631, -0.0848, 0.0738, -0.53, -0.1355, 0.0311, 1.864, 0.0447, 1.3384, 1.4141, -1.319, -0.2912, 1.4162, 0.1811, -0.1164, 0.75, 1.0675, -0.0294, -0.2783, -2.3636, 0.0471, -0.3812, -1.0065, -0.2053, -0.4174, 0.1692, -0.279, 0.447, 0.1739, 1.2735, -0.5343, 1.7798, 1.0672, 1.4867, 0.2528]"
6,indecisiveness,ARUM,-1.752441394716522e-06,100.00000350488278,115.12925815458507,"[2.6697, -4.3021, 2.5663, -5.9865, 8.8354, 0.9776, -0.8689, -2.963, 5.3946, -0.1387, 2.4573, -0.2453, 0.125, 7.5733, 7.2948, -6.5225, -1.8634, -2.4345, -2.3606, 3.0928, -2.2176, -2.8129, 6.3505, -1.5664, -1.8894, 3.1136, -2.4219, 2.2096, -1.22, 5.4709, 1.9243, -2.4154, -2.2553, -2.7345, -1.6472, -1.9398, -1.7345, 6.1912, -3.5545, 4.304, 5.0357, -1.6497, -3.2236, -1.0832, -0.6799, 3.2011, 3.4913, -2.5126, -3.9868, 1.5022]"
6,indecisiveness,APUM,5.471169713520305e-05,99.99989057660574,115.12914522630803,"[-0.6714, -0.6373, -1.1005, -2.4607, 0.1151, 0.3144, 0.4405, -1.9189, 0.3237, -0.9536, 1.1286, -0.4336, -0.4627, 0.0433, 1.7777, -1.186, -0.2485, 0.2806, -1.1594, 0.8026, -1.339, 0.443, 0.2346, -1.4192, -0.2833, -0.0307, -0.0471, 1.4953, -0.8582, -0.3978, 1.2566, -2.2137, 1.2747, -1.451, -0.686, -0.5261, -0.2054, 1.9744, -0.8205, 0.255, 2.2524, 0.5439, 0.7137, -0.4213, -2.3281, 1.0631, 0.3995, 0.1396, -0.6106, -0.2821]"
6,experimentation,Luce,-9.502655377465448,23.005310754930896,23.61048094091899,"[0.5176, 0.0405]"
6,experimentation,RUM,-112.77648137719085,229.5529627543817,230.1581329403698,"[-1.1357, 0.6152]"
6,experimentation,ARUM,-9.502655377461876,23.00531075492375,23.61048094091184,"[0.5176, 0.0405]"
6,experimentation,APUM,-8.539068664816599,21.078137329633197,21.683307515621287,"[0.4701, 0.0366]"
7,indifference,Luce,-7.909718760050734,19.819437520101467,20.42460770608956,"[-3.8062, -117.6636]"
7,indifference,RUM,-7.909718501433168,19.819437002866337,20.424607188854427,"[-0.0379, -1.1768]"
7,indifference,ARUM,-7.909718756015031,19.819437512030063,20.424607698018153,"[-3.8114, -117.6667]"
7,indifference,APUM,-7.107585097609808,18.215170195219613,18.820340381207707,"[-2.3441, -106.471]"
7,indecisiveness,Luce,-3.692114963364596e-06,100.00000738422993,115.12926203393222,"[4.2157, -0.9376, -1.7394, -0.9025, 0.6139, -0.8279, 0.2072, 1.0731, 0.2525, -0.2264, 2.2471, -0.0067, 0.9211, 0.9275, 1.9395, -0.4034, 0.1194, 0.332, -0.8773, 1.0582, -2.0765, -0.7326, 0.5959, 0.3824, -0.2307, -0.328, 1.5755, 0.1531, 1.4958, -0.5751, -0.9567, -0.224, -0.7945, 0.622, 1.5297, 2.0535, -0.3202, -1.3602, -0.7448, 1.093, 2.559, -1.0952, 0.4456, 2.8928, -0.1174, -0.9748, -0.9622, -0.9288, -0.1172, 0.3651]"
7,indecisiveness,RUM,-165.78612668489748,431.57225336979496,446.7015080194973,"[0.6138, 1.3566, 0.1324, -0.49, -1.0255, 2.0425, 0.9069, 0.3997, -0.166, 1.6119, -0.1596, -1.7121, 0.265, -1.2278, 0.2688, 1.3441, -1.6725, -0.8996, 0.8647, -0.4995, 0.4152, 0.4173, 0.8896, -0.6466, -2.5518, 0.3969, -1.569, 0.9352, -0.0423, -0.296, 0.6906, -1.7418, -0.2002, 0.4479, 0.2528, -0.4888, -0.4787, 1.5432, 0.9127, -0.6642, 1.3485, 0.7551, 0.4884, 0.5266, -1.1461, 1.5053, 0.9515, 0.2451, 0.2436, -0.0915]"
7,indecisiveness,ARUM,-2.155342608887941e-06,100.00000431068521,115.1292589603875,"[14.6142, -4.4615, -10.9822, -0.8553, 1.4953, 0.3852, 3.5816, 2.4933, -2.2107, -2.2502, 0.8915, -0.0269, 0.4451, 4.5382, 6.2182, -4.8121, -0.7496, -0.5731, -0.8444, 4.1345, -2.4773, -1.9449, 5.2309, -1.9903, 2.5196, -8.4028, 3.7249, -8.0701, 1.5598, -10.4255, -9.959, 1.021, 2.1417, 6.0249, 7.4871, 6.7174, 5.2541, -1.7108, -6.1029, 4.0912, 3.3916, -1.1693, -2.7189, 1.8439, 0.2055, 0.0947, -1.2996, -0.2988, -0.2377, -0.4807]"
7,indecisiveness,APUM,9.15016394596916e-06,99.9999816996721,115.1292363493744,"[4.241, -1.2543, -2.8179, -0.727, 0.1729, 0.0662, -0.2031, 0.4099, -0.5677, -1.2288, 1.4412, -1.1644, 1.8695, 1.9578, 3.365, 0.1348, -1.0288, -0.3182, -0.6757, 1.4541, -1.2847, -0.0934, 1.0969, 1.1218, 0.4106, -1.0289, 1.213, -1.5621, 1.2103, -1.3836, 1.6577, -0.5556, -1.2998, 2.4549, 2.393, 0.1293, 1.759, 0.1423, -0.6727, 0.8173, 1.189, -1.8722, -1.7949, 2.014, 1.5313, -1.9272, -2.4361, -0.2956, 0.3429, -0.5617]"
7,experimentation,Luce,-9.660116942596856,23.320233885193712,23.925404071181802,"[0.0254, -12.4339]"
7,experimentation,RUM,,,,"[nan, nan]"
7,experimentation,ARUM,-9.660116942596495,23.32023388519299,23.925404071181084,"[0.0254, -12.4339]"
7,experimentation,APUM,-8.691396032749648,21.382792065499295,21.98796225148739,"[0.0231, -11.2148]"
8,indifference,Luce,-10.9861228868898,25.9722457737796,26.57741595976769,"[0.0009, -0.0004]"
8,indifference,RUM,-10.986122586681102,25.972245173362204,26.577415359350297,"[0.0, -0.0]"
8,indifference,ARUM,-10.986122887218528,25.972245774437056,26.57741596042515,"[-0.0015, 0.0006]"
8,indifference,APUM,-9.887510678810662,23.775021357621323,24.380191543609413,"[-0.0105, -0.0003]"
8,indecisiveness,Luce,-1.6394369403634662e-06,100.00000327887388,115.12925792857617,"[-3.181, 4.5935, -2.8016, 0.5552, -1.1923, -0.1433, -0.4501, -1.2769, 3.872, -2.5359, 3.2511, -0.7769, -0.07, -1.5358, -0.4197, -2.4737, 3.1156, 3.2946, 1.7871, -0.2661, -1.0395, 0.2946, -0.0448, -0.7829, -2.6337, 4.0365, -1.7131, 2.7907, 0.7435, -0.1478, -0.405, 2.8109, 3.0837, -2.6575, -0.212, -1.7842, -1.5071, 3.9871, -4.7761, -3.1359, -3.3817, 5.3723, -3.4711, 2.1985, 3.4703, -1.4001, -1.6519, -1.4298, -0.2435, -0.1247]"
8,indecisiveness,RUM,-147.36544593161895,394.7308918632379,409.8601465129402,"[-1.2734, -0.9774, -0.233, 0.4815, 0.8798, 1.6486, 0.7392, -0.8829, -0.2032, -2.5801, 0.2672, -1.1838, -1.8966, 2.1075, -0.378, -2.1072, -0.2741, 1.6508, 1.9071, 0.0584, 0.0964, 1.2256, -0.1505, 0.4603, 0.8396, -1.0759, 1.5368, -0.8797, -0.6338, 0.0998, 0.9396, 0.6774, -0.0494, 0.2842, 1.0733, 0.0084, -0.8121, -0.6029, 0.9093, -0.8112, -1.5678, -0.3042, -0.0753, 0.8605, -1.4578, 0.3465, 1.1513, -0.8173, 0.0816, -2.092]"
8,indecisiveness,ARUM,-9.531784524719332e-07,100.0000019063569,115.12925655605919,"[-5.2662, 9.7956, -2.8808, 2.4776, -4.6204, -0.245, -2.7804, -4.4171, 8.3831, -7.6227, 11.1768, -1.9189, -0.4089, -5.6129, -7.0736, -1.6891, 6.9532, 5.8834, 8.8384, -4.9278, -3.4386, 8.1517, -5.302, -3.731, -1.1015, 1.8869, -0.1558, 0.9031, 0.4628, -5.5265, -5.6449, 8.0023, 8.3224, -1.8988, -0.8894, -1.4886, -2.9146, 9.2843, -7.5117, -4.4542, -4.3108, 6.8532, -3.8591, 6.785, 6.8821, -0.8229, -0.6207, -5.5888, -7.0485, 2.782]"
8,indecisiveness,APUM,1.5922829355147368e-05,99.99996815434129,115.12922280404358,"[-1.6011, 2.1861, -0.1881, -1.7783, -0.3425, 1.3041, -0.4694, -0.4765, 0.3034, 0.3701, 2.4518, -2.1967, -0.5007, -0.6156, -0.1508, -1.3813, 0.773, 0.8309, 0.3432, -0.6765, -1.8645, 0.7417, -1.4965, -0.5047, -0.8071, -0.0739, -1.0296, 1.0478, -0.3188, -0.7617, -0.9213, 1.2589, 1.2539, 0.3289, -0.7623, -1.8406, -1.0791, 1.8396, -1.4066, -1.6911, 0.4107, 2.2277, -1.1698, 0.6449, 1.5622, -0.7673, -1.9668, -2.3549, 1.7968, -0.5372]"
8,experimentation,Luce,-10.316383301067258,24.632766602134517,25.23793678812261,"[0.3214, 1.6275]"
8,experimentation,RUM,,,,"[nan, nan]"
8,experimentation,ARUM,-10.316383301066514,24.632766602133028,25.237936788121118,"[0.3214, 1.6275]"
8,experimentation,APUM,-9.278837037152515,22.55767407430503,23.16284426029312,"[0.2922, 1.4728]"
9,indifference,Luce,-9.15007214722328,22.30014429444656,22.905314480434654,"[-418.4957, 32.6856]"
9,indifference,RUM,-9.150071861860749,22.300143723721497,22.90531390970959,"[-4.1842, 0.3268]"
9,indifference,ARUM,-9.150072234495001,22.300144468990002,22.905314654978092,"[-418.234, 32.6696]"
9,indifference,APUM,-8.229502995446431,20.459005990892862,21.064176176880956,"[-378.9896, 29.6238]"
9,indecisiveness,Luce,-2.125902701872525e-06,100.00000425180541,115.1292589015077,"[0.4517, -1.5643, -1.1461, -2.5224, 3.5845, 0.3455, 1.2225, -2.6159, 2.2098, -0.7483, 3.157, 0.4572, -0.2876, -1.4371, -0.7128, -1.4268, 1.0, 0.7029, -0.5991, 3.2594, -3.2111, -0.3199, 3.1062, -1.7082, -1.2615, 0.3211, 1.4521, -1.8708, 0.3806, -0.2342, -1.1848, 1.2206, 3.0801, -2.2146, -1.1964, 1.0777, -1.2276, 2.3097, -0.3415, -1.4986, 0.6449, -2.6431, 2.187, 2.6938, 0.5626, 0.3341, -0.4937, -0.5723, 0.3222, -0.5749]"
9,indecisiveness,RUM,-147.36544593161895,394.7308918632379,409.8601465129402,"[0.9047, 1.2471, 0.049, 1.3425, 0.1601, 0.9145, 2.9512, 2.4751, -0.1826, 0.2935, -1.054, 0.7986, 0.3892, -0.774, 1.1868, -0.2656, -0.5209, 0.3995, -0.4651, -0.0317, 1.7463, -0.6147, 0.6754, -0.5835, -0.9732, -0.0815, 2.6844, 0.7816, 0.4621, -0.5246, -0.3846, -1.4835, 1.795, 0.2689, 0.1819, 0.2038, 2.0901, 0.2995, -0.1925, 1.7991, -0.1297, -1.6916, -1.527, -0.1917, 0.2916, 0.8219, -0.9183, -0.2253, -0.8097, 1.1137]"
9,indecisiveness,ARUM,-1.1028699227470329e-06,100.00000220573985,115.12925685544214,"[0.7567, 2.4839, 0.3515, -0.8838, 3.1273, 0.2159, -1.0609, -2.7014, 4.8353, -2.9623, 1.8162, 0.1498, -0.0479, 0.1281, -1.6468, -1.8984, 2.9504, 0.127, -1.0749, 0.4144, -0.3883, -0.5217, 2.5349, -0.2582, -1.2236, -0.5545, 1.5926, -0.5876, 1.3047, -1.8028, -2.0212, 3.0787, 0.985, -0.7327, 0.4948, 0.3161, -2.1517, 3.0985, -3.5868, -0.1657, -0.5592, -0.5495, 2.5531, 1.755, 1.3942, -0.3118, -1.0032, 0.1216, -1.0438, 1.2445]"
9,indecisiveness,APUM,3.844375331874643e-05,99.99992311249336,115.12917776219565,"[-0.0746, 0.5623, 0.6981, -0.3518, 2.0011, 0.0857, -0.1161, -1.5143, 1.7921, 0.103, 2.6872, 0.5439, 1.4435, 0.7573, -0.6378, -0.2927, 0.215, 1.6841, -1.6041, 0.5536, -1.6812, 0.6726, 0.2684, 0.6648, -0.8168, -1.8426, 0.2553, -0.5291, 0.7247, -3.3231, -3.1575, 4.5999, 3.5709, -0.7442, 0.4795, -0.101, -1.5681, 1.3113, -0.511, -0.2036, -0.4485, -1.5859, 1.233, 1.5442, 1.1423, 0.2432, 0.0188, -0.4528, -0.0883, -0.5001]"
9,experimentation,Luce,-9.724302125761612,23.448604251523225,24.053774437511315,"[-0.3147, 8.4613]"
9,experimentation,RUM,,,,"[nan, nan]"
9,experimentation,ARUM,-9.724302125763215,23.44860425152643,24.05377443751452,"[-0.3147, 8.4613]"
9,experimentation,APUM,-8.745952201980787,21.491904403961573,22.097074589949663,"[-0.2851, 7.5973]"
10,indifference,Luce,-10.986122902501583,25.972245805003165,26.577415990991256,"[0.0069, -0.0051]"
10,indifference,RUM,-10.986122586682963,25.972245173365927,26.57741535935402,"[-0.0, 0.0]"
10,indifference,ARUM,-10.98612289799556,25.97224579599112,26.577415981979215,"[-0.0024, -0.0022]"
10,indifference,APUM,-9.887510639405713,23.775021278811426,24.380191464799516,"[0.0053, -0.0042]"
10,indecisiveness,Luce,-1.5214641509815616e-06,100.0000030429283,115.12925769263059,"[-2.9531, 6.8364, -5.1971, 0.9847, -2.0819, 0.1606, -6.2683, -4.8494, 5.8243, -7.7784, 7.3152, -1.02, 0.0922, -2.6217, -3.9558, -1.8137, 4.0659, 4.0389, -0.7009, 4.6287, -2.615, -0.1708, 2.4139, -1.7906, -1.778, -1.7382, 1.6278, -0.4473, 2.3116, 0.5349, -1.1623, 0.0408, 1.8194, 0.0011, -0.7222, -1.5958, -0.7485, 3.8027, -5.0144, -2.8732, -3.3784, 3.0561, -1.9115, 3.4718, 2.2873, -1.7327, -2.7524, -1.2081, -1.379, 0.2307]"
10,indecisiveness,RUM,-110.52408442371421,321.0481688474284,336.1774234971307,"[-0.908, -0.0147, 0.2986, -0.6839, -1.2027, -0.3564, 0.7796, -0.9392, 0.0129, -0.6604, 1.1285, -0.5066, 0.662, 1.0151, 1.5415, -1.3533, -1.3981, 1.1652, 1.0015, -0.6169, -3.237, 0.0809, -1.5175, -0.8277, 0.1812, 0.3156, 1.5813, -0.3727, -0.9763, 0.9173, 0.3771, -0.3631, 0.0318, -0.378, 0.692, 1.6879, -0.7255, 0.4209, -1.5298, -1.0726, 0.5626, -0.0704, -1.1092, 0.0088, 0.8789, -1.4469, 1.7465, 0.573, 0.593, -0.0013]"
10,indecisiveness,ARUM,-2.1693845639705498e-06,100.00000433876913,115.12925898847142,"[-4.1516, 8.6317, -2.1382, 2.4954, -3.1482, -0.2802, -0.9989, -3.7696, 6.4384, -3.4556, 6.9755, -0.8113, 1.6613, -0.1778, -0.1072, 0.0537, 1.8069, 2.6111, -0.3767, 5.4565, -4.3555, -1.9995, 2.9871, -3.9656, 0.3772, -1.9543, 3.9657, 0.0262, 3.725, -0.9785, -0.8402, 4.9078, 2.0036, -1.3212, -2.543, -0.8316, -1.4502, 1.559, -0.9358, 0.0587, -0.9784, 2.9351, -0.8674, 7.2882, 8.2057, -13.3545, -15.7244, 5.7516, 7.3002, 1.5478]"
10,indecisiveness,APUM,6.72305346757323e-05,99.99986553893065,115.12912018863294,"[-1.6039, 0.9675, -0.5127, 0.4384, 0.4101, 0.2406, -0.6421, -0.105, 1.0253, -2.2955, 0.021, -0.1094, 0.2949, -1.1381, -1.247, -0.7916, 1.1245, -0.1492, -0.5628, -1.4133, 0.5152, -0.9109, 1.746, -1.9532, -0.2205, -0.5839, 2.1569, 0.3204, -0.622, -1.6905, -0.6148, 0.8394, 1.1803, 0.1535, 0.0521, -0.3657, -0.055, 1.3446, -0.4418, 0.5763, -0.6109, 1.7271, -0.0526, 0.9348, 1.8448, -2.582, 0.7538, 0.5064, 0.4848, 0.599]"
10,experimentation,Luce,-10.878281051467455,25.75656210293491,26.361732288923,"[-0.0784, 1.3705]"
10,experimentation,RUM,-128.9447651776666,261.8895303553332,262.49470054132127,"[0.906, 0.8263]"
10,experimentation,ARUM,-10.87828105146445,25.7565621029289,26.36173228891699,"[-0.0784, 1.3705]"
10,experimentation,APUM,-9.789512800190046,23.579025600380092,24.184195786368186,"[-0.0713, 1.2444]"
11,indifference,Luce,-10.191894387449775,24.38378877489955,24.988958960887643,"[53.1648, -49.2096]"
11,indifference,RUM,-10.191894100692624,24.383788201385247,24.988958387373337,"[0.5317, -0.4921]"
11,indifference,ARUM,-10.191894386886775,24.38378877377355,24.98895895976164,"[53.1661, -49.2098]"
11,indifference,APUM,-9.167876541914584,22.335753083829168,22.94092326981726,"[48.0687, -44.4575]"
11,indecisiveness,Luce,-3.556424323616934e-06,100.00000711284865,115.12926176255094,"[2.7102, -0.2748, -0.7151, -1.0751, 0.1196, -1.2403, -2.9047, 0.9366, 0.1927, -1.3969, 1.6993, -0.1392, 0.5627, 0.7099, 2.2722, -0.4043, -0.6907, 0.1982, -1.6784, -1.7708, -0.4683, -0.0809, -0.6714, 1.9829, -0.6427, 0.104, -1.137, 2.3717, -1.0435, 0.5629, -1.0775, 2.1939, -0.308, -1.0771, -1.2377, -0.0869, 2.4229, -1.2883, -1.406, 2.5314, 1.3916, -0.4503, -1.7027, -0.4656, 2.4193, 0.5429, -1.3845, 0.2033, -1.0174, 1.5772]"
11,indecisiveness,RUM,-147.36544593161895,394.7308918632379,409.8601465129402,"[-2.2697, 0.2753, 0.2603, -1.1126, -0.2732, 0.3755, -1.7781, -1.2796, -0.1551, -0.8331, -0.4631, -0.0201, -0.9105, -0.0266, 0.298, 0.7789, -1.2458, -0.6284, 0.5885, -1.4821, 0.1062, 0.0281, -2.5868, -0.4943, 0.3308, -0.2119, -0.4743, 0.1562, 0.9889, 0.5376, -0.7559, -1.459, 0.5195, -1.1777, -0.528, 0.2009, 1.1465, 1.2858, 0.0607, -0.5095, -1.2006, 1.9586, -0.2899, 0.6778, 0.1968, -0.4956, -0.538, -1.3831, 1.1224, -0.1205]"
11,indecisiveness,ARUM,-1.2686747845271188e-06,100.00000253734957,115.12925718705186,"[10.4208, -5.9571, -3.781, -2.3002, 1.3101, -1.2401, -1.1978, 5.6009, -6.1585, -1.5583, 1.3557, -0.9786, 0.3443, 8.6341, 9.9823, -2.6057, -10.355, -9.5783, -1.1949, -2.128, 2.9481, -3.4691, -1.916, 1.8255, -15.3595, 16.311, -0.8677, 14.5315, -2.7896, -0.8851, -1.498, 11.3911, 9.4271, -7.3337, -7.9331, 13.5815, 13.1923, -12.3055, -2.2919, 4.5468, 4.1201, -3.5035, -1.0112, 17.1209, 18.2021, -17.0432, -17.1769, 1.0522, 0.2031, -0.2799]"
11,indecisiveness,APUM,2.9661079285336708e-05,99.99994067784142,115.12919532754371,"[1.1108, -0.1586, -2.5318, -0.4624, 1.3858, -0.2213, -0.4415, 0.1425, -0.8392, -0.9874, 1.6721, -0.5493, 0.7844, 0.4069, 1.9749, -0.9857, -0.2453, -0.0954, -0.6445, -0.2191, 0.8755, -0.483, -1.1341, -0.2437, -0.2862, -1.1618, -2.0656, 2.6532, 1.1666, -0.7343, 0.8356, 1.5143, 0.9516, -0.3958, 0.3095, 1.7093, 1.5534, -1.5493, 1.1218, 3.5002, -0.8123, 0.5163, 0.9435, 1.3175, 1.3282, -1.4384, 0.7912, -0.0762, 0.4645, -1.0328]"
11,experimentation,Luce,-10.456316311582073,24.912632623164146,25.517802809152236,"[-0.3325, 1.3649]"
11,experimentation,RUM,-41.749869453029305,87.49973890605861,88.1049090920467,"[-0.3792, 0.3669]"
11,experimentation,ARUM,-10.456316311581716,24.912632623163432,25.517802809151526,"[-0.3325, 1.3649]"
11,experimentation,APUM,-9.40623841418509,22.81247682837018,23.417647014358273,"[-0.3018, 1.2402]"
12,indifference,Luce,-10.986122988984128,25.972245977968257,26.57741616395635,"[0.021, -0.0097]"
12,indifference,RUM,-10.986122586681391,25.972245173362783,26.577415359350873,"[0.0, 0.0]"
12,indifference,ARUM,-10.986122929430373,25.972245858860745,26.57741604484884,"[-0.0135, 0.0047]"
12,indifference,APUM,-9.887510628894272,23.775021257788545,24.38019144377664,"[-0.0006, -0.0006]"
12,indecisiveness,Luce,-2.109991892707053e-06,100.00000421998378,115.12925886968607,"[-8.0843, 4.0685, 5.7595, -0.5883, 4.1, 1.0746, -9.3317, 0.2191, -4.5942, -0.0499, -0.8264, 6.0267, -4.9071, -0.5724, -1.8561, 0.6493, 1.5147, 1.5188, -1.1402, 3.1949, -0.0558, -2.4913, 4.814, -0.0484, -0.4698, 1.6003, -0.902, 1.2185, -1.359, 4.0398, 1.7899, -1.5406, 0.1254, -1.3259, -1.1012, -1.3829, 0.9243, 2.2545, -0.6912, -0.1745, -1.232, 1.8544, -1.4926, -1.5423, -0.3579, 3.1426, 2.8375, -2.7363, -0.2939, 0.5941]"
12,indecisiveness,RUM,-110.52408442371578,321.04816884743155,336.1774234971339,"[-0.2071, -1.1156, 0.3851, 0.8837, -0.6063, 0.5357, -0.5985, -1.8937, 0.4574, 2.0744, -1.1959, 0.1794, 1.3098, -0.102, -1.4268, 0.045, 1.4904, -0.5065, 0.2322, -1.0535, -0.0995, 0.3867, 0.1259, -0.4315, 0.4117, 0.7112, 0.7356, -0.2513, -0.621, 1.9631, 0.1376, -0.2575, -1.4771, -0.9325, -0.6423, 0.0644, -0.7312, 0.3902, -1.4332, 1.4044, -0.7375, 0.2351, -0.5306, -0.3181, -0.794, 0.2963, -0.9803, 0.3143, -0.1188, 0.63]"
12,indecisiveness,ARUM,-1.184028079658144e-06,100.00000236805616,115.12925701775845,"[-10.2809, 1.4345, 9.6235, -1.2527, 2.4339, -0.359, -18.5953, 10.2112, -15.5741, 2.0566, 0.4546, 8.4034, -6.4745, -1.742, -3.4007, -1.1214, 6.3003, 3.1401, -0.9858, 2.9823, -0.6403, -1.8102, 2.1015, -0.9419, -4.4379, 3.219, -2.3932, 5.234, -2.6466, 4.4899, 3.5813, 0.3097, 2.521, -3.465, -4.1005, -4.6173, -6.4991, 6.5899, -1.2813, 1.8011, 2.48, 6.7337, -4.9259, -2.7374, 2.3396, 1.7398, 4.2001, -0.1124, -1.0717, 1.4614]"
12,indecisiveness,APUM,1.2271809864248498e-05,99.99997545638027,115.12923010608256,"[-4.2526, 1.1831, 2.2485, -2.2695, -0.6955, 1.5432, -5.8689, 0.4045, -4.0285, -0.5408, -0.0003, 2.9266, -0.8711, -1.0587, 0.6188, 0.7325, 0.4813, 2.471, -0.4951, 2.7246, 1.3405, -0.3713, 1.2057, 0.7073, -1.1631, 0.4272, -1.5451, 2.6412, -0.0279, 1.6151, 1.1794, -0.3693, -0.2401, 0.5949, -0.5986, -1.2866, -0.4815, 1.4973, -1.6047, 0.7275, -0.9608, 1.5096, -0.5944, 0.2048, -1.9229, 1.9777, 1.2264, -0.83, -0.4647, -0.5554]"
12,experimentation,Luce,-9.604544832731621,23.209089665463242,23.814259851451332,"[0.2442, -9.2867]"
12,experimentation,RUM,-110.52408442371421,225.04816884742843,225.65333903341653,"[0.8792, 0.3731]"
12,experimentation,ARUM,-9.604544832588745,23.20908966517749,23.81425985116558,"[0.2442, -9.287]"
12,experimentation,APUM,-8.638805349808116,21.277610699616233,21.882780885604326,"[0.2217, -8.3332]"
13,indifference,Luce,-9.690245963930773,23.380491927861545,23.985662113849635,"[-46.9321, -28.8656]"
13,indifference,RUM,-9.690245624641204,23.380491249282407,23.9856614352705,"[-0.4693, -0.2888]"
13,indifference,ARUM,-9.690245953607947,23.380491907215895,23.985662093203985,"[-46.9388, -28.8661]"
13,indifference,APUM,-8.71443379867599,21.42886759735198,22.034037783340075,"[-41.9288, -26.1826]"
13,indecisiveness,Luce,-1.0885776238378889e-06,100.00000217715525,115.12925682685754,"[-24.3156, 16.545, 7.7146, 6.5935, -8.442, 1.0505, -45.2509, 20.6825, -31.2347, -8.289, 10.4735, -8.751, 5.5339, -3.7707, -2.4934, -1.5828, 3.2348, 3.6696, -25.9948, 15.2543, 13.1016, -26.4597, 14.3365, 13.996, -2.8, -2.7935, 0.3436, -0.132, 1.8127, -0.8188, -0.1323, 1.7048, 0.9584, 0.4266, -1.3017, -7.027, -5.8072, 16.3408, -9.2482, -15.8643, -16.3119, 18.1089, -0.5805, -0.8191, -1.765, 3.027, 1.7083, -1.0124, -2.0304, 4.5784]"
13,indecisiveness,RUM,-165.78612668557133,431.57225337114266,446.7015080208449,"[-1.0546, 0.8465, -0.0539, 0.2678, 0.6044, 0.2658, -0.8498, 0.5213, 0.8202, 0.3602, 0.6323, 0.7255, -0.3961, -0.4336, 2.2268, 1.3258, -0.0482, 0.6828, -0.9377, -0.5989, -1.2469, 0.2857, 0.2974, 1.0838, -0.212, 1.0666, 0.6529, 2.4592, 1.6671, 1.4922, 0.8357, -0.8942, 0.2928, 2.2476, 0.507, -0.8218, 0.336, -0.9896, -0.8562, 0.4129, 0.7395, -0.7979, -0.5596, -1.4264, -0.1293, -1.946, -0.2991, 0.0796, -1.7558, -1.0073]"
13,indecisiveness,ARUM,-5.903816805195481e-06,100.00001180763361,115.1292664573359,"[-5.4715, 2.7099, 2.3545, 0.2881, -1.6719, 0.7087, -5.2762, 0.065, -2.7836, -2.2714, 3.2965, -1.0272, 1.0119, -0.6817, -0.4032, -2.0981, 1.3285, 0.8422, -1.2703, 0.9003, -1.575, 0.3788, 0.7327, -0.5273, -0.3521, -0.5484, 0.7714, -1.2004, 1.3741, -0.9587, -0.7917, 1.1171, 1.159, 0.0735, -0.2514, 0.4028, -0.2948, 2.4902, -2.7726, -1.0662, -1.2109, 2.7746, -3.2218, -3.8579, -2.0861, 1.5945, 1.9344, 1.3401, -0.3253, 2.0896]"
13,indecisiveness,APUM,1.6057663190531306e-05,99.99996788467362,115.12922253437591,"[-2.1849, 1.4889, 0.3742, 0.1235, 0.2438, -0.3903, -3.0123, 1.4704, -1.4939, -0.057, 2.5981, 0.6612, 1.2097, -1.0337, 0.0053, -1.935, 1.7231, 1.8446, -0.9006, 1.1018, -1.3549, -1.0101, 2.0588, -1.036, -0.062, 0.4517, -0.8029, -0.8688, 2.564, -0.0052, -2.4119, 1.5929, 0.291, -2.4291, 1.3246, -0.7904, -0.6487, 1.447, -2.9913, -1.6597, 1.349, 3.3664, -3.325, -0.9715, -1.2126, 0.6202, -0.0087, -0.5935, -1.568, 0.087]"
13,experimentation,Luce,-10.140573663794097,24.281147327588194,24.886317513576287,"[0.2089, -4.837]"
13,experimentation,RUM,-110.52408442371421,225.04816884742843,225.65333903341653,"[0.5126, 0.2477]"
13,experimentation,ARUM,-10.140573663792127,24.281147327584254,24.886317513572344,"[0.2089, -4.837]"
13,experimentation,APUM,-9.121036176453643,22.242072352907286,22.84724253889538,"[0.1897, -4.3666]"
14,indifference,Luce,-10.984274305441364,25.968548610882728,26.57371879687082,"[2.2714, -0.1181]"
14,indifference,RUM,-10.984273996673318,25.968547993346636,26.573718179334726,"[0.0227, -0.0012]"
14,indifference,ARUM,-10.984274297262889,25.968548594525778,26.57371878051387,"[2.2658, -0.1171]"
14,indifference,APUM,-9.885830117444852,23.771660234889705,24.376830420877795,"[2.065, -0.1085]"
14,indecisiveness,Luce,-2.3840055842571104e-06,100.00000476801117,115.12925941771346,"[4.4585, -0.744, -3.386, -1.6482, 0.8411, 0.2363, 1.0302, -0.1119, -0.624, -1.8947, 2.3523, -1.3352, 0.0021, -5.4185, -3.5437, -0.7277, 6.4139, 5.958, -1.712, 1.4683, 0.6813, -1.4579, 1.3316, -0.3228, -0.9936, 1.0464, -0.4531, 1.4757, 0.2385, 3.6681, 2.0623, -1.5968, 0.1796, -1.9596, -0.1131, 0.6471, 1.5328, 4.678, -4.7663, -0.7427, -2.3964, 4.8133, -3.9238, -0.7251, -1.5955, 1.7207, 3.1969, 0.1066, -0.4871, 0.224]"
14,indecisiveness,RUM,-147.36544593161895,394.7308918632379,409.8601465129402,"[0.1576, -2.8447, 0.4911, 1.3589, -0.049, -0.4208, 0.3878, 1.7435, 0.4692, 0.2144, -0.3906, -1.0695, 0.0234, 0.0416, -1.9321, -0.7268, 1.1589, -0.2581, -2.4558, 1.6012, -0.8915, -0.4703, 1.0623, -0.7421, -1.97, 0.2176, 0.7968, -0.4691, -0.1228, -1.1798, -0.9955, -0.3217, 0.6486, 0.0978, 1.02, 1.6536, 0.8866, -1.59, -0.2838, 0.877, -0.1195, -1.6193, -0.552, -2.2725, -0.2775, -0.6849, -0.3606, 1.1815, -1.3314, -0.7182]"
14,indecisiveness,ARUM,-2.152701618384264e-06,100.00000430540324,115.12925895510553,"[4.879, -2.0716, -1.7465, -0.4317, 1.4085, -1.2003, 3.6329, -1.2417, 0.2076, -1.9211, 1.5983, 0.0836, 0.6375, 1.4165, 0.192, 0.9945, 1.8434, 3.4264, -0.5083, 1.184, -0.1686, -0.6448, 1.3758, -1.4178, -1.9201, 1.1802, 0.6571, 3.2631, 1.3772, 1.4621, 1.3371, 0.4102, -1.7719, -2.8004, -1.4186, -0.9387, -0.7366, 2.852, -0.8791, -0.8206, -0.6946, 2.216, -1.505, -1.4409, 0.7029, 1.2546, 0.843, 0.4083, -1.1428, -1.4027]"
14,indecisiveness,APUM,5.767840996815328e-05,99.99988464318007,115.12913929288236,"[2.092, -0.6717, -0.3913, 0.3458, 0.0746, 0.6465, -0.1708, -1.0193, -0.5426, -1.6007, 1.7323, -1.1661, 0.883, 1.121, -2.6617, -0.3892, 0.6074, 0.9022, 0.2046, 0.0483, -0.2311, -0.6148, 1.5575, 0.0853, -0.8368, -0.7007, -0.0687, 1.6507, -0.7751, 0.3704, 1.0947, -0.0959, -0.2257, 0.0113, -0.3265, 0.3318, -3.2006, 1.7758, -0.0923, -0.6519, 1.2652, 2.7437, -0.3187, -0.0855, -0.3786, 1.469, -0.0163, -1.6489, -1.1805, 1.5262]"
14,experimentation,Luce,-9.197330598712458,22.394661197424917,22.99983138341301,"[0.2727, -17.5057]"
14,experimentation,RUM,-9.197330325589725,22.39466065117945,22.999830837167544,"[0.0027, -0.1751]"
14,experimentation,ARUM,-9.197330598717004,22.394661197434008,22.999831383422098,"[0.2727, -17.5057]"
14,experimentation,APUM,-8.271798953025288,20.543597906050575,21.148768092038665,"[0.2476, -15.8419]"
15,indifference,Luce,-10.986122898991585,25.97224579798317,26.577415983971264,"[0.0007, 0.0032]"
15,indifference,RUM,-10.986122586681148,25.972245173362296,26.57741535935039,"[0.0, -0.0]"
15,indifference,ARUM,-10.986122910299855,25.97224582059971,26.577416006587804,"[0.007, -0.0065]"
15,indifference,APUM,-9.887510651538486,23.775021303076972,24.380191489065062,"[-0.0004, -0.0045]"
15,indecisiveness,Luce,-3.4258962941571585e-06,100.00000685179259,115.12926150149488,"[1.8956, -1.1517, -1.5906, -3.2121, 4.853, -1.3766, 0.2456, -3.1315, 3.2856, -2.3516, 1.7467, -0.3205, 0.4101, -0.4558, -1.2605, 1.3942, 0.3042, -2.3025, -2.9138, -1.5878, -0.0114, 0.0594, -2.6712, 0.3205, -0.368, -6.4282, 4.6711, -3.9499, 6.6111, -1.8246, -0.478, 0.7429, -2.0386, -0.1358, 1.241, 1.3487, 2.0909, 0.6673, 0.2063, -1.3881, -1.0714, 1.4428, -1.463, -0.4813, 0.1735, 1.6461, 0.4605, -0.197, -1.4616, 0.6098]"
15,indecisiveness,RUM,-92.10340366982578,284.20680733965156,299.3360619893539,"[-0.6261, 1.2243, 0.6003, 1.938, 0.4198, 0.4011, -0.1825, -0.3846, -0.2587, 0.9991, -1.3486, 0.0633, -1.6663, 0.373, -0.4585, 0.5036, -0.7425, -0.257, 0.6324, 0.1259, 1.5428, -0.4815, -0.568, 1.2368, -0.3672, -0.4132, 0.3831, -0.1639, -0.3115, -0.693, 1.3623, -0.1506, -0.5621, -0.2969, 0.3549, 1.4613, -0.1691, -0.8628, 1.9189, 0.1356, -0.1059, 0.0718, -1.2455, -0.0454, 0.7596, 1.2201, -0.3582, 0.188, 1.238, 0.0375]"
15,indecisiveness,ARUM,-2.4932500880205436e-06,100.00000498650017,115.12925963620246,"[0.8806, 0.2651, -0.666, -1.4452, 1.7945, -2.6746, -0.669, -1.7649, 1.5745, -0.681, 2.1186, 0.8487, 2.7562, -0.9591, 0.3437, 3.3169, -3.0789, -2.3391, -2.4007, -3.2165, 2.7029, -1.9053, -1.4629, 3.303, -1.6398, 0.4687, 1.275, -0.6616, 1.6644, 2.5643, 0.6412, -7.5358, -7.2009, 5.0073, 2.7542, 1.5753, 1.7749, -0.3463, 0.1352, -0.8961, -0.5366, 5.3165, -5.1713, -2.0489, -2.0168, 2.3231, 0.4617, -1.4667, -1.3075, -0.8585]"
15,indecisiveness,APUM,2.205028109674797e-05,99.99995589943781,115.1292105491401,"[0.1703, 0.747, 0.1923, -0.7504, 1.6351, -0.67, -2.0811, -0.7284, 1.5098, -2.0122, 0.7839, -1.2726, 0.1671, -1.0191, 0.0935, 0.8298, -0.8221, -0.517, -0.5499, 0.8462, 1.231, -1.1056, -0.4509, 1.3174, -0.325, -0.1748, 1.2814, 0.3638, 1.3293, 0.2133, 0.0093, 0.6837, -0.9308, 0.666, 2.2168, 1.5443, 1.152, -0.0159, -0.3447, -0.7395, 0.2447, 3.8925, -2.8741, 0.2418, -0.9352, 0.3837, 1.5359, -1.8705, 1.9411, -1.283]"
15,experimentation,Luce,-6.2087405648924054,16.41748112978481,17.022651315772904,"[-7.4837, -8.3038]"
15,experimentation,RUM,-6.20873979317218,16.41747958634436,17.02264977233245,"[-0.8089, -0.083]"
15,experimentation,ARUM,-6.20874013446276,16.41748026892552,17.02265045491361,"[-8.152, -8.3041]"
15,experimentation,APUM,-5.586897513569931,15.173795027139862,15.778965213127954,"[-4.6841, -7.4058]"
16,indifference,Luce,-0.003234693129510086,4.00646938625902,4.611639572247112,"[-1367.0162, -3375.4369]"
16,indifference,RUM,-4.4594187742483974e-05,4.000089188375485,4.605259374363577,"[-26.7474, -56.9103]"
16,indifference,ARUM,-0.003217923898683622,4.006435847797367,4.611606033785459,"[-1374.7108, -3376.155]"
16,indifference,APUM,-0.004662181982028425,4.009324363964057,4.614494549952148,"[-1091.8801, -2677.5601]"
16,indecisiveness,Luce,-1.3017412621582475e-06,100.00000260348253,115.12925725318482,"[1.5658, -1.8689, 1.2733, -2.3195, 5.3007, 0.933, 4.7072, -4.1844, 6.8089, -3.1919, 2.892, -0.9655, 1.5494, 2.7359, 1.3675, -1.4715, -0.6853, 0.0476, -0.1032, -1.6775, -0.7181, 1.9438, 0.5662, -2.0979, 0.1973, 0.807, -0.0559, 3.252, -0.8476, -1.0247, -0.743, -0.9695, -2.7342, 1.0446, 2.1394, -2.2168, -0.1448, 0.5277, -3.2883, -1.6309, -0.5426, 3.0926, -1.7849, -0.2791, -0.0327, 0.243, -1.1201, 1.0079, 3.5525, -0.3466]"
16,indecisiveness,RUM,-147.36544594339733,394.73089188679467,409.8601465364969,"[-2.0753, -1.3868, 0.5582, -1.7772, 0.4981, -0.78, 1.1777, 0.1675, -1.637, 0.9142, 1.3636, -1.2768, -0.8028, 0.5024, 0.6817, 2.3532, 0.8909, 2.4008, 0.0194, 0.3836, -0.5681, -0.5226, 0.1471, -0.5825, -2.5641, -0.6668, 1.0767, 0.0728, 0.0784, -0.7634, 0.333, 1.6587, 1.4007, 0.3659, -0.8537, 1.7672, 1.0592, -1.4808, -1.7568, -1.4254, -0.4937, 0.9074, 0.8724, 0.3407, -0.1405, 2.3713, 0.034, -0.087, -0.5076, 2.212]"
16,indecisiveness,ARUM,-4.922291114089908e-06,100.00000984458222,115.12926449428451,"[0.1669, -0.458, -1.1755, -2.4158, 0.9256, -1.4985, -1.1676, -0.2439, 2.7145, -0.7715, 1.6742, -1.0281, -0.61, 3.6442, 2.067, -0.144, 0.5893, -0.1505, 2.5793, -1.73, -4.0591, 2.2647, 0.0138, -0.0712, -1.3791, 1.2583, -0.1904, 1.2286, 0.2133, -2.948, -1.4834, 0.2436, 0.8479, 2.1225, 1.4474, -0.7786, -1.2131, 1.265, -2.0142, -2.462, -1.5429, 2.7281, -2.4297, -4.6135, -4.2395, 1.2829, 0.4713, 2.4508, 2.5742, 1.4324]"
16,indecisiveness,APUM,9.366884632005705e-06,99.99998126623073,115.12923591593302,"[-0.1084, 1.0682, -0.3529, -2.924, 1.5129, -1.4516, -0.4884, -1.7254, 2.3928, -5.0127, 4.8152, -1.6688, 0.8627, 0.2765, 1.8081, -0.9951, -1.7716, 0.9418, 1.3483, -2.4522, 1.7545, 1.8789, -1.0814, -0.3462, -0.7752, 0.7996, -0.4446, 1.2159, -0.647, -2.6032, -1.882, -2.153, -0.3786, -1.3984, 1.6889, 0.6566, 0.8947, 3.3152, -6.204, -1.4321, -1.2009, 3.3992, -2.0317, -2.1617, -1.4229, -0.2279, -2.1201, 3.5857, 0.9007, -0.6028]"
16,experimentation,Luce,-10.245388493642576,24.49077698728515,25.095947173273245,"[-0.0077, -4.8059]"
16,experimentation,RUM,-128.94476517765665,261.8895303553133,262.49470054130137,"[0.513, -1.3156]"
16,experimentation,ARUM,-10.245388493651157,24.490776987302315,25.095947173290405,"[-0.0077, -4.8059]"
16,experimentation,APUM,-9.21678360657903,22.43356721315806,23.03873739914615,"[-0.0071, -4.327]"
17,indifference,Luce,-0.003249817160400105,4.0064996343208,4.611669820308892,"[-1374.2833, -3370.1653]"
17,indifference,RUM,-4.9299966664673746e-05,4.000098599933329,4.605268785921421,"[-37.9408, -53.7683]"
17,indifference,ARUM,-0.00330185906983857,4.006603718139677,4.6117739041277686,"[-1357.2923, -3365.8511]"
17,indifference,APUM,-0.0046641551096266425,4.009328310219253,4.614498496207345,"[-1100.0101, -2674.6576]"
17,indecisiveness,Luce,-1.8137666967544794e-06,100.00000362753339,115.12925827723568,"[2.4251, 1.1264, -4.3553, 4.9452, -4.8765, 0.4067, 1.1459, 1.6557, -2.7515, 3.6368, -4.3611, -3.9216, 4.7503, -0.8327, -0.8319, -2.8861, 1.1784, 1.3031, 0.0031, 1.4231, -0.838, -1.0208, 2.7312, -2.4697, -0.5056, 0.7767, 0.711, -1.3702, 1.2704, 0.074, -2.1572, -1.7288, -1.2958, -0.2681, 2.2439, 1.8114, 2.6463, -1.0432, -0.2305, -0.242, -1.2394, 4.283, 0.0769, -2.6281, -2.4382, 4.0092, 6.1795, -4.0185, -3.4369, -1.0814]"
17,indecisiveness,RUM,-147.36544593161895,394.7308918632379,409.8601465129402,"[0.3339, -1.3232, -1.5813, -1.1831, 1.5712, -1.2679, -0.7886, 0.1052, -1.5916, -0.8723, 0.6768, -0.438, 1.6835, -1.6986, -0.3456, -0.4378, -0.0089, -1.2268, -0.5805, 0.7891, -0.2694, -1.0697, 2.0801, 0.0491, 0.6133, 0.7641, -0.0708, -0.7897, 0.1992, -0.7001, 0.3716, -0.1642, 1.0294, -1.1415, 0.7185, 0.6138, -0.239, 0.7302, 0.4189, 0.6672, 0.6035, 0.0501, -0.5962, -0.6078, -0.2146, 0.8431, 0.6322, 1.006, 1.1063, -0.217]"
17,indecisiveness,ARUM,-1.6369043720120435e-06,100.00000327380874,115.12925792351103,"[2.195, 1.6669, -2.4973, 2.2297, -2.1518, -0.7416, -2.2199, 1.1619, -2.0941, 2.4161, -2.5173, -2.792, 1.0326, -0.0828, -1.426, -0.6006, 1.5023, 1.5548, -0.9931, 0.3011, -0.7888, -0.7855, 1.6798, -1.1322, -1.3479, -1.1366, 2.0244, -1.2531, -0.5068, -0.4332, 0.715, -3.398, -2.2956, 1.7116, 1.3575, 1.849, 1.3767, -0.5555, -0.3651, -1.0077, -1.3284, 1.6256, -2.6232, 0.167, -0.6118, 3.0403, -1.0545, -0.6754, -1.2386, -0.3097]"
17,indecisiveness,APUM,4.884869309833434e-05,99.9999023026138,115.1291569523161,"[0.0857, 0.2199, -2.5057, 2.2402, -2.5534, -0.1025, -0.2858, 0.3498, -1.6365, 0.6194, -1.3199, -2.5239, 1.5236, -1.9546, -1.454, -1.2717, 1.8547, 0.3567, -0.0234, -0.2034, 0.562, 0.6712, 2.6387, -1.1796, -1.7795, 0.1983, 1.2944, -1.6665, -0.9671, -1.131, 0.2391, -0.9098, 0.0538, -0.3904, 1.3101, 0.2415, 1.8227, -0.7018, 0.3265, -0.7716, 0.0905, 2.818, 1.0524, 0.7997, -0.7633, 1.0138, 1.509, 0.4027, 0.326, -0.8182]"
17,experimentation,Luce,-0.6988957695263388,5.397791539052678,6.00296172504077,"[-1443.2508, -4169.7452]"
17,experimentation,RUM,-184.20680743952371,372.41361487904743,373.0187850650355,"[1.0703, 1.179]"
17,experimentation,ARUM,-0.6988843765443661,5.397768753088732,6.002938939076824,"[-478.535, -4171.3541]"
17,experimentation,APUM,-0.6277755634673463,5.255551126934693,5.860721312922784,"[-1180.5714, -3795.9019]"
18,indifference,Luce,-7.217084714982177,18.434169429964356,19.039339615952446,"[257.5204, -282.3587]"
18,indifference,RUM,-7.217084461390834,18.434168922781666,19.03933910876976,"[2.5753, -2.8237]"
18,indifference,ARUM,-7.217084824328041,18.43416964865608,19.039339834644174,"[257.4527, -282.2898]"
18,indifference,APUM,-6.481483606135953,16.962967212271906,17.56813739826,"[232.0323, -254.4739]"
18,indecisiveness,Luce,-1.2379611589877139e-06,100.00000247592232,115.1292571256246,"[-9.422, 0.9363, 6.7524, -27.6918, 39.4679, -0.162, -20.8007, -17.3101, 22.9319, -1.7313, 2.2454, -2.6397, 0.5041, 15.6174, 16.9879, -33.6859, 17.7434, 17.3062, -15.3387, 18.8426, -4.9852, -16.4314, 18.6042, -4.8623, -13.0703, -6.5852, 20.0955, -6.2434, 18.3432, -2.1226, -1.0562, -24.3444, -24.3671, 26.0928, 25.946, 37.2512, 36.5706, -33.7118, -0.3564, 13.8957, 11.2701, 28.625, -41.3658, -23.2077, -23.4915, 25.7727, 25.1307, -2.6704, -2.4593, 0.1554]"
18,indecisiveness,RUM,-147.36544593161895,394.7308918632379,409.8601465129402,"[0.3172, -1.6763, 1.5106, 0.4335, 0.6391, 0.9291, 0.9807, -0.9191, -1.0702, 2.3964, -0.6981, 0.3787, 1.6315, -0.4435, -0.3601, 0.9265, 0.2129, 0.4951, -0.0804, -0.5264, -0.3329, 1.194, -0.2956, 0.4287, -0.9688, 2.0403, 0.3189, 0.3396, 0.9263, -0.4809, 1.1937, -1.5163, -0.6144, -0.8012, -1.8806, -0.5287, -0.052, -1.0899, -1.2343, 0.0411, -0.08, -0.2657, -1.2661, -0.3945, -0.6663, 0.0859, -0.5588, -0.0388, -1.3108, -1.3968]"
18,indecisiveness,ARUM,-2.2010728079831746e-06,100.00000440214562,115.12925905184791,"[1.0878, 0.3652, -0.5228, -1.2856, 1.3752, 1.0972, -0.3777, -1.2863, 2.0606, -2.1718, 2.099, -1.0488, 0.6648, 0.8151, -1.289, -1.4446, 0.2889, 1.9412, 0.5508, 0.9128, -1.6463, -1.5493, 1.8422, 0.1308, -0.6337, -1.5127, 1.3155, 0.5468, 1.3337, -0.9811, -1.1568, -1.801, 0.3743, 1.403, 0.5444, 1.637, 3.7096, -2.1312, -1.7349, -0.046, -1.7368, 1.0951, -1.5045, 0.0013, -0.7683, 1.7741, 1.0412, -0.8464, 0.6772, -0.2272]"
18,indecisiveness,APUM,4.740311589517918e-05,99.99990519376821,115.1291598434705,"[0.0408, -0.3887, 0.241, -2.1487, 1.8993, 0.5108, 0.9767, -1.2695, 1.264, -1.3769, 1.4322, 0.1863, -0.6779, 0.4681, -1.4212, 0.0654, 2.3472, 0.4703, -2.1243, 0.3716, 0.7047, 1.2794, 0.7465, -1.366, -0.4116, 0.0814, 1.2076, 0.4433, 1.0886, -1.5733, -1.2781, -2.2612, -0.8926, 1.1122, 1.0171, 1.1399, -0.313, -1.2545, -0.9223, -1.5971, -0.4797, 0.5982, -1.1912, 0.3968, -1.2057, 1.1702, -0.2076, -0.0458, -0.8027, 0.6331]"
18,experimentation,Luce,-10.684760415669114,25.369520831338228,25.97469101732632,"[0.1329, 2.5748]"
18,experimentation,RUM,-110.52408442371423,225.04816884742846,225.65333903341656,"[0.8469, 0.1197]"
18,experimentation,ARUM,-10.684760415668597,25.369520831337194,25.974691017325284,"[0.1329, 2.5748]"
18,experimentation,APUM,-9.61405107712955,23.2281021542591,23.83327234024719,"[0.1207, 2.3308]"
19,indifference,Luce,-10.922376901323426,25.844753802646853,26.449923988634943,"[-6.5651, 10.3386]"
19,indifference,RUM,-10.922376602460188,25.844753204920377,26.449923390908467,"[-0.0656, 0.1034]"
19,indifference,ARUM,-10.922376902691921,25.844753805383842,26.449923991371932,"[-6.5663, 10.3388]"
19,indifference,APUM,-9.829574391444098,23.659148782888195,24.26431896887629,"[-5.9638, 9.3938]"
19,indecisiveness,Luce,-1.3410765687454234e-06,100.00000268215314,115.12925733185543,"[-2.0271, -2.7313, 4.5435, -2.5602, 0.3635, -0.9044, -0.1623, 1.4262, -1.0874, 0.9491, -3.6009, -1.6202, 1.5368, 1.0614, 1.052, -3.2125, -1.6044, -1.0896, 2.1684, -2.4992, -1.011, 1.8954, -1.8149, -1.8693, 3.1953, -2.993, -0.6609, 0.8386, 0.2169, 1.2283, 1.0093, -1.1133, -0.8014, -2.1558, -2.2339, -2.358, -1.5138, 1.5948, -1.8627, -1.0204, -0.8875, -4.2991, 3.7304, -1.8902, -0.6994, -0.8719, -2.0211, 2.9975, 0.6752, -2.2223]"
19,indecisiveness,RUM,-110.52408442371421,321.0481688474284,336.1774234971307,"[-0.2452, -0.2502, 0.0728, -1.1813, 0.8931, 1.7147, -0.0216, 0.316, -2.1151, -0.4349, -0.696, -0.8581, -0.6575, -0.5577, -1.4549, -0.4873, -1.0417, 0.7883, 0.3303, 0.3317, 0.9768, -0.8263, 0.2698, 1.0702, -0.8962, -2.0292, -0.6907, 0.9565, -0.9531, 0.0399, -0.2747, -0.6954, -1.5535, -1.4831, -0.4408, -0.2704, 1.1165, 0.0663, -1.1717, -0.7317, 0.7135, -0.4238, -1.0931, 0.0823, -0.7899, 0.4781, 0.363, -1.1474, 1.785, -0.124]"
19,indecisiveness,ARUM,-1.777441856715171e-06,100.00000355488372,115.12925820458601,"[-5.6397, -1.385, 2.1433, 1.0399, 0.057, -0.1462, 2.2457, 0.5904, -0.6883, 2.015, -2.8986, -2.966, 0.5093, 3.0478, 2.7371, -0.6184, 0.0569, -1.5836, 0.1337, -0.9655, -1.9987, 0.6013, -0.8575, -2.0096, 2.2625, -2.5912, -0.3349, -2.3524, -1.6657, 2.5895, 2.0309, -0.5245, -2.3219, 0.3451, -1.9537, -0.9198, -1.4586, 1.0459, -2.059, -1.2358, -0.8024, -1.8491, 0.6689, 1.4576, -0.0731, -0.8165, -3.5034, 2.0294, 2.4921, 0.8663]"
19,indecisiveness,APUM,5.350815640285901e-05,99.99989298368719,115.12914763338948,"[-0.8168, -0.6304, 1.6765, 0.8709, -0.2204, 0.0509, 1.5683, 1.2179, 0.7895, 1.8666, -0.6051, -5.5197, 3.7301, 2.2011, 1.0122, -0.1598, 1.1574, -0.2997, 1.6904, -0.7419, 0.9804, 0.7559, -0.4505, -0.3236, 0.827, -0.1242, -1.8136, -0.843, 0.8585, -0.1524, 1.3648, -1.2307, 0.6788, -0.1814, -0.3806, -1.4843, -0.096, 0.2217, -1.5606, -1.3155, -1.5406, -6.1236, 5.7361, -0.261, -0.4454, -0.0857, -0.6214, 1.1836, -0.098, -0.3534]"
19,experimentation,Luce,-10.303883874178416,24.60776774835683,25.21293793434492,"[0.1971, -4.0079]"
19,experimentation,RUM,-77.3035159305699,158.6070318611398,159.2122020471279,"[-1.2692, -0.0436]"
19,experimentation,ARUM,-10.303883874317956,24.60776774863591,25.212937934624,"[0.1971, -4.008]"
19,experimentation,APUM,-9.268606897661822,22.537213795323645,23.14238398131174,"[0.179, -3.625]"
20,indifference,Luce,,,,"[nan, nan]"
20,indifference,RUM,,,,"[nan, nan]"
20,indifference,ARUM,,,,"[nan, nan]"
20,indifference,APUM,,,,"[nan, nan]"
20,indecisiveness,Luce,-3.737363496396114e-06,100.000007474727,115.12926212442929,"[3.2215, 0.7794, -0.404, -0.2388, 0.5595, -1.5506, -0.8237, 0.365, -0.6756, -4.4513, 6.0888, 0.2182, -1.0163, -0.2555, -0.7041, -0.9396, 2.2095, -0.2675, -0.5768, -1.8294, -2.2484, 1.0972, -1.025, -0.671, -5.2626, -0.7361, 4.5166, -0.81, 4.5939, 0.5992, 1.807, -1.7564, -0.3397, -0.2534, -0.1393, -1.5705, 1.3248, 2.1793, -2.5711, -1.1703, 0.4331, 3.9678, 0.6772, 2.3254, 0.8716, -0.5307, 0.7533, -0.3668, -1.0334, 1.2002]"
20,indecisiveness,RUM,-110.52408442371421,321.0481688474284,336.1774234971307,"[1.0557, 1.3034, -1.5007, 0.227, 0.5782, -0.5322, 1.279, -0.2885, 1.3068, -0.3683, 0.2594, 0.2373, 1.6626, 0.741, -0.4576, -0.2723, -0.2762, 0.0185, -0.9446, -0.0813, 1.3681, 1.3237, -1.5649, -1.7232, -0.5931, -1.7791, -1.2634, 0.3512, -0.0379, -1.7209, 1.17, -0.422, -0.5183, 1.0166, 0.4109, -0.0424, -0.4946, 0.5696, -0.4328, -0.2284, -1.1765, 1.1426, 1.5526, 0.2119, -0.4861, 0.9354, 0.5887, -0.4438, 1.1511, -0.4245]"
20,indecisiveness,ARUM,-1.1521279288705818e-06,100.00000230425586,115.12925695395815,"[3.2566, -2.3874, -1.1368, -0.8943, 0.2128, -0.4031, 1.5872, 1.3171, -1.4687, -1.4147, 2.8646, -0.7578, -0.1257, 0.1972, -0.2263, 0.1121, 2.1545, 3.3589, 1.649, -1.1139, -0.1595, 1.9895, -0.6499, -0.8906, -0.3438, -0.483, 3.1778, -1.0949, 1.8813, 2.2623, 1.7084, -1.6525, 0.2512, -0.9222, -0.1464, 0.3148, -1.0484, 3.7965, -2.0356, -2.163, -2.7337, 1.7367, -2.6791, 2.5226, 1.781, -0.1764, -1.6668, -0.4074, -1.954, 0.6743]"
20,indecisiveness,APUM,5.9730811765102975e-06,99.99998805383764,115.12924270353993,"[3.0456, -2.7454, -0.658, 1.0134, 0.8545, 0.3148, -1.3012, 2.0089, 0.6209, -2.9073, 4.3372, -0.5249, -2.4856, -1.931, -0.0902, 0.9751, 1.8751, 2.3707, 1.1241, 0.7802, -3.5358, 2.3971, 0.3943, -3.3039, 0.8929, -2.0282, 3.9262, -2.5735, 2.8541, 2.2001, 0.9962, -0.4702, 0.5579, -1.0159, -2.9131, -0.559, 0.2129, 2.6148, -0.251, -0.9027, -1.0023, 0.5918, -1.1526, 0.793, 2.2942, -1.3893, -1.4346, -1.839, 0.0292, 0.1909]"
20,experimentation,Luce,-8.948552254663317,21.897104509326635,22.502274695314725,"[0.2902, -22.9549]"
20,experimentation,RUM,-77.24943717509777,158.49887435019554,159.10404453618364,"[-0.2054, -0.0505]"
20,experimentation,ARUM,-8.948552254751945,21.89710450950389,22.502274695491984,"[0.2902, -22.9553]"
20,experimentation,APUM,-8.046645108570614,20.093290217141227,20.698460403129317,"[0.2632, -20.7682]"
21,indifference,Luce,-10.986122889982784,25.97224577996557,26.577415965953662,"[0.0037, -0.0011]"
21,indifference,RUM,-10.986122586686141,25.972245173372283,26.577415359360373,"[0.0, -0.0]"
21,indifference,ARUM,-10.986122906448248,25.972245812896496,26.57741599888459,"[0.0011, 0.004]"
21,indifference,APUM,-9.887510628018884,23.775021256037768,24.38019144202586,"[0.0001, -0.0]"
21,indecisiveness,Luce,-1.881239418316376e-06,100.00000376247884,115.12925841218113,"[4.5107, -3.9731, -2.0231, 0.4511, 1.9163, -0.5405, -0.9791, 3.3432, -2.5846, -0.6794, -0.1931, 8.3037, -4.4287, 3.5623, 4.9434, -1.9389, -1.3629, -0.4766, 3.5839, -2.0398, -0.343, 3.1647, 0.3828, -1.7747, 8.5987, -2.6441, -4.7612, -1.5148, -4.8416, 2.9641, 4.0016, 0.5887, 3.1138, -2.8589, -1.9127, 3.3997, 0.4677, -5.1887, 1.4949, 1.8124, 2.9168, -6.3416, 0.5493, 0.2457, 1.9235, -1.3622, -1.2155, -0.5369, -0.1513, -1.1587]"
21,indecisiveness,RUM,-110.52408442371423,321.0481688474284,336.17742349713075,"[-0.6991, -0.7915, 0.3184, 0.4256, -0.1528, -0.3778, -0.7097, 0.0516, -0.9761, 1.5472, -1.4979, -0.6563, 0.8682, -0.3986, 0.672, 1.7172, 0.8331, -1.202, -1.1542, -0.1874, 0.443, 1.2061, -0.785, -0.4849, -0.2507, -0.2707, 1.4956, -0.104, 0.1531, 0.9115, 1.5911, -0.0352, 1.2592, 1.8278, -0.1103, -0.5636, 2.1871, 1.1211, 0.0125, 0.65, -1.045, 1.1094, -1.8, 1.0706, -0.7217, -1.6539, -2.0014, -0.4762, 0.7111, -1.3899]"
21,indecisiveness,ARUM,-1.846183283285499e-06,100.00000369236656,115.12925834206885,"[4.9079, -1.7926, -4.0374, 1.1461, -0.1569, 0.9834, 1.933, 0.1988, 0.0538, -0.0234, -1.2655, 1.235, -1.585, 2.5668, 1.5615, -0.0624, -1.0724, -0.6351, 2.2367, 0.5498, -0.5026, -0.106, -1.0038, -1.2393, 0.8665, -1.9945, -3.1704, -1.4359, -2.2754, 1.6993, 0.6813, -0.3511, -1.7541, -2.0769, -2.5282, 1.5046, 3.1821, -0.2733, -1.0622, 2.1834, 0.9791, -1.0327, -0.9331, 0.031, 3.1628, -0.548, -0.9097, 1.4168, -1.7702, 1.3481]"
21,indecisiveness,APUM,5.269980794688718e-05,99.99989460038411,115.1291492500864,"[1.898, 0.4244, -0.568, -0.4946, 0.4217, 0.9963, 0.1756, -0.2609, -0.9261, -0.0574, -0.2731, 2.0149, 0.3959, 0.7317, 0.1596, -0.8815, 0.8254, -1.9689, 0.9481, -1.2048, -1.2704, 0.3107, -0.4766, -0.4047, 0.5719, 0.0215, -0.0791, -1.2002, -1.2427, 0.652, 0.9956, -0.6543, 0.5391, -1.3793, 0.4271, 1.0603, 0.9813, -1.6003, -1.1572, 0.9124, 0.8364, -0.0525, -0.079, 2.2112, 0.405, 0.0984, -0.6081, -0.9199, 0.7204, 1.2689]"
21,experimentation,Luce,-5.2903308912636575,14.580661782527315,15.185831968515407,"[-18.4845, 49.6241]"
21,experimentation,RUM,-184.20680743952371,372.41361487904743,373.0187850650355,"[0.9205, -0.4465]"
21,experimentation,ARUM,-5.290330886132476,14.580661772264952,15.185831958253043,"[-29.1053, 49.6259]"
21,experimentation,APUM,-4.755785116200569,13.511570232401137,14.116740418389229,"[-18.6718, 44.7734]"
22,indifference,Luce,-10.985344341446025,25.97068868289205,26.57585886888014,"[0.7059, -1.1252]"
22,indifference,RUM,-10.985344034923045,25.97068806984609,26.575858255834184,"[0.007, -0.0112]"
22,indifference,ARUM,-10.98534435449367,25.97068870898734,26.575858894975433,"[0.712, -1.128]"
22,indifference,APUM,-9.886802857298317,23.773605714596634,24.378775900584728,"[0.6429, -1.0216]"
22,indecisiveness,Luce,-1.9892846698986426e-06,100.00000397856934,115.12925862827163,"[3.2158, -0.8104, -0.9811, -2.2741, 0.2404, 0.989, 1.8585, 1.0118, 0.0346, -2.7677, 1.6137, -1.0147, 0.7923, -1.4898, 0.213, -1.2705, 1.9751, -0.1569, 1.4936, -2.3219, -2.0775, 0.3423, 0.3174, 0.0764, -2.7472, 3.0743, -0.2446, 4.0241, -1.5595, 1.4409, 1.8616, 0.0474, 0.5091, -0.8435, -0.7313, 0.1687, -0.9573, -0.375, 2.3965, -1.8029, -4.3809, 3.4763, 1.0532, -0.9017, 0.153, 0.9157, -1.6292, 0.5762, 2.1893, 0.1884]"
22,indecisiveness,RUM,-128.94476517766657,357.88953035533314,373.0187850050354,"[-2.0186, -0.51, 0.7945, 1.2765, 0.0508, 0.4838, -0.3691, 0.9032, 1.4252, 0.7682, -0.1182, 0.4341, 0.9525, 0.0277, 0.8005, 0.3703, 1.4194, 0.7001, -0.4986, 1.4045, 0.4601, -0.1397, -1.354, 0.2314, 1.8349, -2.7294, -2.6897, 0.7673, 0.2362, 0.6724, -0.5264, -2.1418, -0.832, 1.56, -0.4516, -0.4429, -2.6294, -1.8045, 1.1102, -0.2594, 0.9912, -0.7537, -1.4678, -0.2609, -0.573, -0.8331, -0.807, -0.1349, -0.4916, -0.9323]"
22,indecisiveness,ARUM,-4.0978960621814875e-06,100.00000819579212,115.12926284549441,"[4.467, 0.1895, -2.2353, -0.3119, 1.0066, 0.5318, -1.0345, -1.5091, -2.3063, -1.2328, 3.7579, 1.3323, -0.3306, -0.149, -1.1261, -1.5881, 0.2846, 0.971, 2.0166, -4.1269, -1.5281, 3.2732, -3.7686, -0.2098, -1.4412, 2.1144, -1.5637, 0.3086, 0.101, 0.5807, 1.0889, -0.9167, 0.1969, -1.7475, -1.0125, -0.0959, -1.1509, -1.4915, 1.3227, -1.048, -1.3092, 1.3182, -1.3803, -0.6954, -1.3856, -0.8481, -0.0561, 0.8998, 0.8157, -0.1326]"
22,indecisiveness,APUM,4.567619841861879e-05,99.99990864760316,115.12916329730545,"[3.7207, -0.8138, -0.3395, -3.9197, 2.8019, -0.4588, -1.3266, -1.6139, 0.0786, -0.9958, 1.1323, -0.8213, -1.2131, -0.4987, -0.8181, -1.8761, 0.9059, -0.4305, 0.2515, -0.1793, -0.5769, 0.667, -1.264, -0.2491, -0.3336, 1.0453, 0.8436, 1.2836, -0.9098, 1.7238, 0.5312, 0.2469, 0.2311, 0.4653, -1.082, -0.2631, -0.8665, -1.3594, 0.6209, -1.2128, -1.4259, 0.7911, -1.4176, -1.5107, 1.7886, -0.3675, 0.7381, 1.234, 0.8834, 0.0928]"
22,experimentation,Luce,-10.294795352029283,24.589590704058566,25.19476089004666,"[0.3219, 1.8668]"
22,experimentation,RUM,-94.63542100031611,193.27084200063223,193.87601218662033,"[-0.2247, 0.5452]"
22,experimentation,ARUM,-10.294795352027172,24.589590704054345,25.19476089004244,"[0.3219, 1.8668]"
22,experimentation,APUM,-9.259303421556279,22.518606843112558,23.12377702910065,"[0.2925, 1.6889]"
23,indifference,Luce,-8.601273897511799,21.202547795023598,21.80771798101169,"[151.2372, -160.6147]"
23,indifference,RUM,-8.60127361077467,21.20254722154934,21.80771740753743,"[1.5126, -1.6063]"
23,indifference,ARUM,-8.601274139259653,21.202548278519306,21.807718464507396,"[151.1781, -160.5549]"
23,indifference,APUM,-7.731311688198812,19.462623376397623,20.067793562385717,"[136.6955, -145.1663]"
23,indecisiveness,Luce,-2.1347328807832818e-06,100.00000426946576,115.12925891916805,"[6.6795, -3.4719, -2.2656, -3.4333, 3.7151, 1.1329, -0.2007, 1.5004, -4.7151, -2.4393, 3.7813, -0.4451, 0.9132, -0.1226, -0.0349, -3.2175, 6.3439, 3.7087, -1.0278, 1.278, -1.6387, -1.242, 1.8938, -2.4008, -1.1799, 3.9291, -1.5367, 4.3211, -1.2161, 1.3167, 0.3218, -0.4024, -0.9946, 0.5333, -1.2823, -1.7406, -3.0385, 1.3654, -1.2584, -2.3459, -2.9888, 7.3968, -3.4307, 3.6868, 4.2155, -3.4274, -2.5837, 0.4025, 0.7583, 1.162]"
23,indecisiveness,RUM,-128.944765177623,357.889530355246,373.0187850049483,"[1.3603, 0.8289, 1.7476, -0.5412, 0.8348, -1.3807, 0.9471, 0.0564, 0.9368, 1.6795, 0.8011, -0.4127, -1.088, 0.536, -0.2859, 0.6636, -0.5067, -0.9295, -0.2417, 0.501, 0.1222, -0.8131, 1.8005, -0.1387, -2.2618, 0.9323, -0.0111, -0.1705, -0.1904, -0.0354, 1.8183, 0.4645, 0.2604, -0.4121, 1.5791, 0.8429, 0.9891, 0.2782, 0.9999, 0.3932, -0.3713, 0.3694, 2.0971, 0.2038, 1.2702, 1.1914, 0.5629, 1.6568, -2.1729, -1.8361]"
23,indecisiveness,ARUM,-1.2991380263358584e-06,100.00000259827605,115.12925724797834,"[4.0159, -1.5856, -1.2382, -0.0348, 2.6807, 1.6896, -1.5714, 0.62, 0.0524, -0.6354, 2.6928, -1.0225, -0.4258, -0.4233, -0.6472, -0.689, 1.122, 1.4081, 0.1442, 1.0728, -2.0564, -2.3206, 2.0998, -2.1551, 0.0238, 0.5913, -1.1145, 1.8739, -0.057, 2.6464, -0.527, -0.3031, -1.4293, -0.0523, -1.4891, -1.2069, -1.2759, 3.4812, -2.4176, -1.6841, -0.6275, 2.2968, -1.5642, 4.6403, 3.5431, 1.6317, 0.8837, -1.3643, -4.1506, -0.4238]"
23,indecisiveness,APUM,7.294060358728033e-05,99.99985411879283,115.12910876849512,"[2.0897, 0.4193, -0.3977, -2.1735, -0.8841, 0.4225, -0.6593, -0.7467, -1.1169, -3.1862, -0.6873, -0.41, 0.2989, 0.0066, -0.1633, -0.197, 1.4673, 0.1797, -0.9614, 0.4736, -1.7004, -0.4266, -0.0638, 0.3367, -1.2836, -0.0554, -0.8077, 1.372, 0.3507, 0.5567, 1.2233, -0.0836, 0.0801, -1.3368, 1.3482, 0.1768, -0.8843, 1.1228, -0.7011, -1.2002, 0.3921, 1.0124, -0.8008, 0.5972, 2.6563, 1.0583, 0.4085, -2.137, 0.3923, 1.563]"
23,experimentation,Luce,-10.223797015626365,24.44759403125273,25.05276421724082,"[0.3244, 2.5726]"
23,experimentation,RUM,-92.10340366976185,188.2068073395237,188.8119775255118,"[0.5439, 0.2946]"
23,experimentation,ARUM,-10.223797015580626,24.447594031161252,25.052764217149345,"[0.3244, 2.5727]"
23,experimentation,APUM,-9.195091745981456,22.39018349196291,22.995353677951,"[0.2948, 2.3261]"
24,indifference,Luce,,,,"[nan, nan]"
24,indifference,RUM,,,,"[nan, nan]"
24,indifference,ARUM,,,,"[nan, nan]"
24,indifference,APUM,,,,"[nan, nan]"
24,indecisiveness,Luce,-1.058398278472178e-06,100.00000211679655,115.12925676649884,"[7.782, -1.3507, -9.6325, -1.6667, 2.3817, -0.402, 1.6424, -2.0715, -0.34, -9.4262, 12.0456, -0.6317, -0.3716, -2.0637, -3.4571, -1.5164, 3.6334, 2.9705, -1.2827, 1.2426, -2.4716, -1.2386, 1.9065, -2.3516, -1.3093, -0.5556, 0.5775, 0.0401, 1.3794, 0.9416, 2.1406, -1.5575, -0.832, -2.0104, 0.5075, -1.1758, -0.6189, 2.9603, -1.0454, -3.5563, -0.0817, 8.4634, -5.909, 4.9374, 4.6989, -8.4179, -7.2219, 1.48, 2.0643, 0.1968]"
24,indecisiveness,RUM,-128.94476517766657,357.88953035533314,373.0187850050354,"[0.0444, 1.0954, 1.4519, -1.254, -0.3519, -0.3408, -0.6264, 0.9078, 2.8715, -1.1137, 0.4248, 0.2955, 0.317, 1.333, 0.3733, -2.1363, -1.4368, -1.0669, -0.7486, -0.1396, -0.2147, -1.8234, -1.6087, -2.119, -1.554, 0.9912, -0.2705, -0.9527, -1.9176, -1.0128, 0.6072, 0.4757, -0.2525, -0.267, -1.7713, -0.7761, 0.5556, -0.6748, 1.6235, 1.2056, -0.4538, -0.2654, 2.2231, 0.8472, 0.0703, 0.1857, 0.1489, -0.017, -1.071, -0.4023]"
24,indecisiveness,ARUM,-3.164535642599625e-06,100.00000632907128,115.12926097877357,"[3.1862, -2.3391, -1.6909, -3.325, 4.4237, 1.4221, -0.6951, -1.177, -1.0582, -2.6796, 1.7336, -0.3019, 0.5884, -0.4695, -1.7129, -0.9237, 0.9045, 1.0099, 1.1387, 1.0637, -0.9335, -1.7317, 1.633, 0.7726, -1.102, -1.5339, 1.2557, 0.3191, 0.4974, 0.431, 1.5589, -0.5422, -1.4911, -0.2682, -0.1692, 0.6215, -0.9446, 3.403, -4.0856, 1.1806, -2.27, 5.5663, -7.4805, 0.9236, 1.0945, -0.8877, 0.3634, -0.7032, 0.1589, -2.0986]"
24,indecisiveness,APUM,5.573037482210559e-05,99.99988853925035,115.12914318895264,"[0.2699, -1.7477, -2.1511, -0.1035, 0.1873, -0.467, -0.0304, 0.76, 0.1006, -0.4518, 1.849, 0.715, 0.4376, -1.3562, 1.1778, 0.4116, 0.8163, 2.8293, -0.5335, 1.066, 0.1589, -0.631, 2.328, 1.4802, -1.0135, 0.2525, 0.8554, -1.8311, -0.0329, -0.9631, 1.3576, -0.6346, -1.0944, -1.5364, -0.5681, 0.437, -0.1232, 2.1089, 0.2935, 0.3536, -1.2695, 0.9313, -0.8699, -0.8436, 1.5982, -1.1848, -1.2922, -0.3128, -0.6887, -0.0559]"
24,experimentation,Luce,-10.79470407826882,25.58940815653764,26.19457834252573,"[0.1301, 1.6085]"
24,experimentation,RUM,-110.52408442371421,225.04816884742843,225.65333903341653,"[0.495, 0.0867]"
24,experimentation,ARUM,-10.794704078271202,25.589408156542405,26.194578342530498,"[0.1301, 1.6086]"
24,experimentation,APUM,-9.713646022283383,23.427292044566766,24.032462230554856,"[0.1183, 1.4583]"
25,indifference,Luce,-10.211862465344577,24.423724930689154,25.028895116677248,"[46.2085, -48.7576]"
25,indifference,RUM,-10.211862175714899,24.423724351429797,25.02889453741789,"[0.462, -0.4875]"
25,indifference,ARUM,-10.211862463893635,24.42372492778727,25.028895113775363,"[46.2066, -48.7572]"
25,indifference,APUM,-9.186009930664895,22.37201986132979,22.977190047317883,"[41.7404, -44.0434]"
25,indecisiveness,Luce,-2.6586845656198044e-06,100.00000531736913,115.12925996707142,"[3.1907, 0.6475, -0.9719, -1.4142, 2.1153, 1.4916, -0.1157, 1.5115, -0.7391, -1.4355, 1.4739, -0.6092, 3.0655, -1.541, -1.4463, -0.9326, 1.3806, 1.6037, -2.6179, 1.5605, -1.129, -0.8358, 1.5692, -0.6924, -1.6942, -2.2028, 0.5788, 0.2321, 1.2564, 1.3492, 0.0682, -1.4548, 0.3902, -0.8197, -0.3952, 0.8562, -1.5662, -3.4198, 2.1632, 0.9742, 1.6913, -2.6589, -0.6371, 1.8223, 0.4326, -1.5797, 0.53, -1.8296, 0.7558, -0.2398]"
25,indecisiveness,RUM,-73.68272291580946,247.36544583161893,262.4947004813212,"[-0.136, -2.3041, -1.1617, -2.2791, 0.2941, -0.0818, 0.6301, 0.8074, 0.9615, -0.225, 0.0854, 0.5789, -0.7947, -0.938, 1.5401, -1.8062, 0.5, 0.3412, -1.1233, -0.6678, -0.3568, 0.2167, 0.3517, -0.0309, 0.1884, 0.6595, 0.6133, 1.5343, 1.0431, 0.0178, 0.6407, 0.4238, 0.1644, -0.8686, 0.1623, -2.0652, 1.0723, 0.3503, -0.1592, -0.4207, 0.6545, 1.8375, 0.3751, 1.9022, 0.7844, -0.8054, 0.4877, 0.3901, -0.806, -0.4077]"
25,indecisiveness,ARUM,-3.142220903250104e-06,100.00000628444181,115.1292609341441,"[2.6336, -1.355, -1.886, 0.0819, 0.6902, 1.2677, -0.8573, 1.5786, -1.058, -2.7077, 2.4087, 0.597, 2.8957, -0.6379, -1.6811, -2.4266, 0.1209, 1.8377, -0.9244, 0.8777, -0.6063, -2.7828, 1.3731, -0.1966, -0.7477, 0.1161, 0.6097, -0.0846, 3.4593, -0.6987, 2.513, -0.0146, -0.6606, -0.315, -0.4224, 0.1893, 0.1053, -2.2076, 3.4267, 1.8558, 0.1168, -0.5472, -0.5918, 2.1543, 1.1494, -1.8075, 0.8335, -0.6371, -1.4602, -1.624]"
25,indecisiveness,APUM,2.080684918881888e-05,99.99995838630163,115.12921303600392,"[3.9064, -1.3327, -2.0443, -0.5093, -0.362, 0.4976, -0.8228, 0.4112, -0.2934, 0.3231, 2.4871, -1.4856, 0.5014, 1.3163, -1.1863, -0.9682, 1.7255, 0.4344, 0.3071, 0.9215, 0.0211, 0.2939, 2.1618, -0.1011, 1.5334, 0.4204, 1.1034, 0.3401, 2.2649, 2.3204, -0.1753, -0.9036, 1.1714, -1.363, 0.2578, -1.0116, -1.4236, -1.2576, 0.8728, -0.3351, 1.4703, -2.0411, -0.6193, 1.9753, 0.2954, 1.2606, -1.462, -1.3072, -2.325, -0.5792]"
25,experimentation,Luce,-9.94250496695867,23.88500993391734,24.490180119905432,"[-0.273, -4.292]"
25,experimentation,RUM,-41.908759502486824,87.81751900497365,88.42268919096173,"[-0.1867, -0.0373]"
25,experimentation,ARUM,-9.942504966959072,23.885009933918145,24.490180119906235,"[-0.273, -4.292]"
25,experimentation,APUM,-8.941628209873652,21.883256419747305,22.4884266057354,"[-0.2478, -3.859]"
26,indifference,Luce,-10.972540095654406,25.94508019130881,26.550250377296905,"[3.5848, -4.8218]"
26,indifference,RUM,-10.972539795242136,25.945079590484273,26.550249776472363,"[0.0358, -0.0482]"
26,indifference,ARUM,-10.972540095418337,25.945080190836673,26.550250376824764,"[3.585, -4.8222]"
26,indifference,APUM,-9.875163350806735,23.75032670161347,24.35549688760156,"[3.2582, -4.3829]"
26,indecisiveness,Luce,-1.7618810140824027e-06,100.00000352376203,115.12925817346432,"[-0.758, 4.4141, -3.3077, 2.2193, -1.8456, -1.0378, -2.9222, 1.1329, 0.4857, -1.2132, 4.2632, -1.8701, -0.3666, 0.0635, 1.7938, -1.8722, 1.8281, 3.2232, -0.4913, -3.6821, 4.1941, 0.1791, -2.5838, 2.1971, 2.7186, -0.8051, -1.558, -2.8448, -0.3953, 3.8802, 3.8053, -0.8605, 0.366, -2.6377, -2.8227, -0.0855, 0.7528, 3.1304, 0.1461, 0.8575, -0.1495, -2.9635, 3.2707, -3.2408, -2.7877, 0.0372, -0.9393, 4.3071, 2.9433, 0.9286]"
26,indecisiveness,RUM,-128.9447651776666,357.8895303553332,373.0187850050355,"[0.2929, -1.0446, 0.4731, 0.4563, -1.4837, -0.3217, 1.409, -0.6332, 0.0176, 0.1605, -0.0263, 0.6887, 0.9352, 1.2646, -0.3135, 0.5239, 0.8398, -0.1183, -0.7192, 0.1436, -0.6057, -0.7042, 0.2201, -0.1883, 0.1755, -1.5512, -0.1755, -2.2603, -1.0455, -0.0889, 1.2131, 0.5369, 0.0903, -0.3767, -0.2506, 1.3058, -1.1063, -0.7255, 1.0668, -0.3439, 1.9391, 0.6907, 1.155, -1.6256, 1.0594, -1.3544, 0.2108, 0.1413, 0.7278, -1.1021]"
26,indecisiveness,ARUM,-1.9358210051761367e-06,100.00000387164201,115.1292585213443,"[-2.0115, 4.2288, -4.0812, -0.8933, -1.6828, -2.6751, -3.0184, -1.784, 1.5207, -3.4786, 6.144, -4.6051, 3.0648, 1.0798, -1.6884, -1.4126, 1.1555, 0.8001, 0.4376, -2.5811, 2.3992, -1.3753, -1.2472, 2.7079, 1.064, -0.2114, -1.2991, -1.4987, -0.1151, 2.6645, 1.6011, -0.0662, -0.9967, 0.1669, -0.075, -0.35, 0.0757, 7.9972, -4.9949, -0.9449, -0.3998, -4.3034, 5.0636, -2.6173, -2.7266, 0.247, -2.6037, 4.5432, 4.2094, 2.9253]"
26,indecisiveness,APUM,5.104786848415627e-05,99.99989790426304,115.12915255396533,"[-2.3911, 0.2496, -0.3594, 1.2941, -1.6057, 1.3718, -1.3795, -0.8383, 0.7787, 0.4528, 2.3199, -1.7069, 0.4472, 0.3463, -0.9512, 0.5318, 1.473, 0.8364, -1.5174, 0.0199, -0.2514, 0.7044, -0.8294, 1.2078, 1.5094, -1.3719, -0.7641, -0.0489, 0.4614, 0.2283, 1.1227, 0.1839, -0.6639, -1.8572, -0.4944, -0.1381, -0.263, 1.3869, -2.3932, 0.4227, 0.0156, 0.7266, 2.5125, -0.4174, -0.0692, -0.9366, -0.6317, 0.0391, 1.2208, -0.2739]"
26,experimentation,Luce,-10.365475090306804,24.730950180613608,25.336120366601698,"[-0.0606, 5.5744]"
26,experimentation,RUM,-128.9447651776666,261.8895303553332,262.49470054132127,"[0.6396, 0.5521]"
26,experimentation,ARUM,-10.365475090306992,24.730950180613984,25.336120366602074,"[-0.0606, 5.5744]"
26,experimentation,APUM,-9.325737728736552,22.651475457473104,23.256645643461198,"[-0.0552, 5.0265]"
27,indifference,Luce,-10.966596855133714,25.933193710267428,26.538363896255518,"[3.5614, -5.6497]"
27,indifference,RUM,-10.966596554635943,25.933193109271887,26.538363295259977,"[0.0356, -0.0565]"
27,indifference,ARUM,-10.966596855626364,25.933193711252727,26.53836389724082,"[3.5622, -5.6501]"
27,indifference,APUM,-9.869761062623976,23.73952212524795,24.344692311236045,"[3.2366, -5.1353]"
27,indecisiveness,Luce,-1.2904958212230362e-06,100.00000258099165,115.12925723069394,"[1.6892, -0.6038, -2.4573, -1.0595, 1.5088, -1.3817, -0.3252, -2.8243, 4.0681, -1.5747, 2.2031, -0.8323, 0.2229, -1.5909, -2.4683, -2.2212, 1.8042, -0.2571, -2.6847, 1.8793, 1.5067, -0.1583, 1.1677, -1.5364, -1.7719, -1.324, 1.9334, -0.7496, 0.2764, -1.6073, 2.03, 2.6114, 1.0166, -0.3893, -2.7541, 1.8227, 1.7132, -1.3536, -1.3659, 0.1273, -1.7496, 1.7082, -0.7485, 1.9017, 0.1803, -1.5259, -2.1831, -0.2589, -0.5979, 0.6349]"
27,indecisiveness,RUM,-128.94476517766657,357.88953035533314,373.0187850050354,"[1.6906, 0.1529, 0.2281, -1.3974, 1.6239, -0.164, -0.8169, 0.2079, 2.0003, 2.1352, -0.9704, 1.1754, 0.3357, 0.9876, 0.2767, 0.6149, 1.3213, -1.7492, 0.3604, -1.1695, -0.4636, 0.001, -1.0078, -0.5814, -1.4007, -0.5933, 0.5119, 0.8655, -0.7694, 1.3278, 0.5774, 1.4334, -1.7708, 0.3113, 0.6112, -1.7185, 2.4142, -0.6366, 0.5439, 0.9267, 0.1012, 1.3858, 1.9952, -1.1096, 0.1161, 0.9157, -1.633, 1.0643, 1.7065, 1.2839]"
27,indecisiveness,ARUM,-1.7394896565545607e-06,100.00000347897931,115.1292581286816,"[1.3366, 1.6634, -0.6646, -8.0012, 8.7629, -0.2556, -0.1003, -6.8735, 9.0824, -4.1341, 7.5532, -0.8451, 1.391, -2.1939, 0.126, -2.0871, 4.4208, 4.3191, 1.6683, 5.0697, -6.6934, 2.2099, 3.9883, -5.3397, -0.5869, -3.2237, 4.8683, -2.6774, 4.1497, -1.4919, 0.6081, 1.3528, 1.7673, 0.0553, -0.7193, 4.2097, 3.259, -3.4169, -3.2653, -4.0292, -3.6427, 2.7266, 0.311, 4.3146, 4.7309, -8.0418, -6.5183, 3.2994, 3.0514, 0.3614]"
27,indecisiveness,APUM,2.2183566600914408e-05,99.9999556328668,115.12921028256909,"[1.1778, 1.1952, -0.6967, -1.2135, 0.9616, 1.6312, -0.848, -1.678, 1.5765, -2.4966, 1.5291, 0.3707, 1.504, -2.1253, 1.5372, -6.5146, 5.2831, 6.1796, -0.0953, 1.2656, 0.3026, 0.059, 0.5233, -0.7952, -0.1959, -0.0921, -0.1713, -0.784, 1.8308, -0.4036, -0.5072, 3.2688, 3.4245, -4.1823, -1.7284, 2.3462, 2.897, -1.9683, -0.8217, -0.1067, -0.9372, 1.0917, -2.4887, 1.8299, 0.8394, -0.2755, 0.6145, 0.8439, 0.0747, 0.0795]"
27,experimentation,Luce,-9.159273279191579,22.318546558383158,22.923716744371248,"[0.4442, -7.5385]"
27,experimentation,RUM,-92.10340362835397,188.20680725670795,188.81197744269605,"[0.2096, -0.1829]"
27,experimentation,ARUM,-9.159273279192217,22.318546558384433,22.923716744372527,"[0.4442, -7.5385]"
27,experimentation,APUM,-8.231786000619193,20.463572001238386,21.068742187226476,"[0.4033, -6.7862]"
28,indifference,Luce,-10.98612290705332,25.97224581410664,26.57741600009473,"[-0.0009, -0.0042]"
28,indifference,RUM,-10.986122586681127,25.972245173362253,26.577415359350347,"[0.0, -0.0]"
28,indifference,ARUM,-10.986122894161264,25.972245788322528,26.577415974310618,"[-0.0056, 0.0028]"
28,indifference,APUM,-9.887510630536001,23.775021261072002,24.380191447060092,"[0.0031, -0.0016]"
28,indecisiveness,Luce,-3.4157075188283327e-06,100.00000683141504,115.12926148111733,"[-1.7366, 3.0361, -1.6544, 0.4707, -0.1671, -0.8568, -2.0339, -0.9753, 0.3677, 2.3017, -2.1604, 3.8006, -1.0421, 2.4243, 1.7119, -0.2225, -0.5083, 0.3325, 0.025, 1.0536, -1.1158, -0.997, 0.6218, 0.3426, 1.4088, 2.1249, 0.7015, 1.8569, 0.323, 1.5604, 2.052, 1.5275, -0.8938, 1.8206, -0.8689, 1.4892, 0.9377, -0.9058, -0.2375, -0.8033, -0.8752, 0.9856, -2.7012, -1.805, 0.0038, 1.4064, 0.6508, -1.7539, -0.7643, 0.1512]"
28,indecisiveness,RUM,-147.36544593160764,394.7308918632153,409.8601465129176,"[-0.4765, -1.6155, -0.8439, 0.9326, -0.9626, 0.6637, 1.3864, -0.7911, -0.4447, 0.9873, 1.2328, -0.6448, -1.6213, 1.2549, 0.5839, 0.4006, 0.9156, -1.1851, 0.3912, -0.2853, 0.6028, 0.799, 0.9766, 0.5986, 0.2507, 0.2842, 0.3668, -0.6243, -0.3705, 0.4023, 0.6505, -0.651, -1.0766, -1.6753, -1.2613, -0.5396, -0.4466, -0.2828, -1.205, -1.8125, 0.1266, 0.127, 0.6213, 0.815, 0.3924, 0.1147, 0.876, 1.4241, -0.6767, 0.7703]"
28,indecisiveness,ARUM,-1.0257161151635586e-06,100.00000205143223,115.12925670113452,"[-0.9977, 5.4073, -3.7453, 0.0993, -1.4703, -0.4592, -7.4325, -1.2268, 1.4186, 0.5658, -0.766, 9.0273, -8.12, 1.243, 3.1154, -0.1206, 0.1794, -1.992, -3.7566, 4.1087, -1.6701, -2.9925, 1.9687, -2.1821, -3.3519, 4.0691, 0.2139, 3.328, -2.5988, 5.3094, 5.3192, -3.0218, -4.7012, -0.9917, -2.3307, 4.101, 4.9282, -1.1988, -3.5667, -4.3126, -2.3027, 7.9232, -5.3545, -3.0651, -0.5908, -0.0947, 1.6641, -0.1514, -0.7685, 1.7248]"
28,indecisiveness,APUM,6.640962038182977e-06,99.99998671807592,115.1292413677782,"[-2.0426, 6.0558, -3.2248, 0.6383, -1.1992, 0.601, -3.9551, -0.1771, 0.5941, 1.9191, 0.1734, 2.0787, -0.2387, 2.2997, 1.1821, 0.1008, -1.2017, 0.5309, 0.6178, 1.8454, -1.145, -1.7692, 1.0032, 0.4598, -1.0714, 0.2951, -1.4574, 1.0542, -0.5712, 3.2552, 4.2835, -1.6033, -1.9005, -0.0153, -0.6357, 3.751, 0.5927, -0.586, -1.8791, -1.9575, -1.2411, 2.6495, 0.1279, -1.4687, 2.0073, 0.804, 1.4817, -1.1164, -0.8291, 0.0131]"
28,experimentation,Luce,-9.49809569070428,22.99619138140856,23.60136156739665,"[0.5151, 0.3973]"
28,experimentation,RUM,-112.48945035127255,228.9789007025451,229.5840708885332,"[-2.4017, -1.84]"
28,experimentation,ARUM,-9.498095690677111,22.996191381354222,23.601361567342316,"[0.5151, 0.3973]"
28,experimentation,APUM,-8.53494702069392,21.06989404138784,21.675064227375934,"[0.4679, 0.3591]"
29,indifference,Luce,-10.986122887002475,25.97224577400495,26.57741595999304,"[-0.0011, 0.0006]"
29,indifference,RUM,-10.986122586681292,25.972245173362584,26.577415359350674,"[0.0, 0.0]"
29,indifference,ARUM,-10.98612290671042,25.97224581342084,26.577415999408935,"[-0.0041, -0.0024]"
29,indifference,APUM,-9.887510628870846,23.77502125774169,24.380191443729785,"[0.0017, -0.001]"
29,indecisiveness,Luce,-1.9757791811137434e-06,100.00000395155836,115.12925860126064,"[8.2677, -3.1162, -4.933, 0.6066, -1.8979, -0.4546, 4.5487, -0.3334, -1.3869, -3.0621, 2.8286, -0.8301, 1.103, -1.2841, -1.1502, -3.4251, 3.9995, 2.1365, -1.1405, 1.4062, 0.9416, -0.6975, 2.0395, -1.9217, -1.3635, -1.3851, 3.6797, -1.472, 2.0562, 0.7729, 0.6862, -2.7545, -3.643, 1.4011, 2.4839, -4.2657, -4.9821, 4.6455, -0.3749, -1.3011, -0.5132, 3.8309, -0.2202, 2.1711, 1.5962, -0.389, -0.2069, -1.003, 0.0975, -1.4323]"
29,indecisiveness,RUM,-128.9447651776666,357.8895303553332,373.0187850050355,"[0.4681, 1.5394, 1.4318, 0.569, -0.7571, 0.7768, 1.3249, -0.5151, 0.3576, -0.2053, -0.614, -0.3152, 0.1285, -0.9182, -1.0821, -0.8896, 0.3279, -1.4658, -2.217, 1.3725, -1.0132, -0.194, 0.9223, -1.4383, -1.4394, -0.6326, 0.9613, -0.0216, -0.0081, -0.2954, 0.5621, 1.4318, 2.984, -0.1481, 1.5259, 0.9993, 0.267, -2.21, -0.3779, -0.3383, 0.3588, -0.1975, -0.5632, 2.03, 1.3082, -2.0228, -0.2811, 0.6309, 1.3309, -0.42]"
29,indecisiveness,ARUM,-7.478464626307952e-06,100.00001495692925,115.12926960663154,"[2.4608, -0.5213, -1.3982, -2.1614, -1.1456, 1.2546, -1.0037, 2.1227, -0.8636, -2.803, 4.0067, -2.132, 2.8644, -0.537, -0.9805, -1.3879, 0.7253, 0.6544, -1.4984, 0.4546, -0.4056, -1.0215, 0.1056, -1.6087, -0.5945, 0.949, 0.6716, -1.3092, 1.4133, -0.8658, 0.146, -1.0183, -0.2407, 0.7031, 1.4339, -0.5941, -0.6061, 1.7506, -0.7532, -1.1474, 0.6221, 1.9262, -1.0159, 1.1969, 0.6296, -0.2417, -1.6166, 0.101, -0.6623, 0.7081]"
29,indecisiveness,APUM,1.9692119684457278e-05,99.99996061576063,115.12921526546292,"[2.2728, -1.4695, -0.4983, 0.1069, 0.1219, 0.9511, -1.253, 0.2906, -0.1221, -1.1541, 1.9025, 0.356, -0.7527, -1.0358, -0.0551, -0.549, 0.2808, 1.3163, -0.4608, 2.1004, 1.9423, 1.3908, 1.8783, 0.2673, -1.0419, -1.899, -0.193, -0.6767, 2.0398, 0.2643, -0.6513, -2.2783, 1.8851, 0.9583, 1.3335, -1.1067, -0.7096, 1.0606, -0.7691, 1.2678, -1.7823, 2.3557, -1.4582, 0.5262, 1.6384, -2.3787, 1.2407, -1.3705, -1.1301, -0.1519]"
29,experimentation,Luce,-7.986774019951754,19.973548039903505,20.5787182258916,"[0.6753, -8.7612]"
29,experimentation,RUM,-73.68272291580948,151.36544583161896,151.97061601760706,"[0.3087, 0.1136]"
29,experimentation,ARUM,-7.9867740199289425,19.973548039857885,20.578718225845975,"[0.6753, -8.7611]"
29,experimentation,APUM,-7.1678240540487055,18.33564810809741,18.940818294085503,"[0.6123, -7.8854]"
30,indifference,Luce,,,,"[nan, nan]"
30,indifference,RUM,,,,"[nan, nan]"
30,indifference,ARUM,-3.2898369750097234,10.579673950019448,11.184844136007538,"[-3308.1942, 3545.9478]"
30,indifference,APUM,,,,"[nan, nan]"
30,indecisiveness,Luce,-1.5414793730565664e-06,100.00000308295874,115.12925773266103,"[0.3663, 1.9006, 0.1894, 0.706, -0.8483, -1.2814, -1.5487, -0.4191, 1.8859, -2.9107, 2.9529, 0.3949, 0.8216, 4.5882, 2.2158, -3.2274, 0.019, 0.1192, 3.682, -1.4184, -0.5522, 3.9686, -1.2697, 0.3106, -0.663, 1.7685, 0.282, 0.5418, -0.79, -0.1221, -1.2904, 1.5989, 3.1484, -0.4705, -1.6961, -1.1249, 0.7902, 4.763, -3.8284, 2.597, 1.7027, 8.6623, -9.5854, -2.0287, -1.1565, -0.8383, -1.0982, 0.8245, 1.6642, -0.021]"
30,indecisiveness,RUM,-128.94476517766657,357.88953035533314,373.0187850050354,"[-0.6199, -0.1534, -0.0722, -1.5511, -2.5224, 0.4, 0.1392, -1.3702, 0.4363, 0.4345, -0.3022, 1.9594, 1.2692, -0.3991, -0.3804, -1.4579, 1.2247, 0.2468, 0.8231, -2.134, 0.7775, -0.5096, 0.5843, 0.5212, -0.0206, -0.6973, 0.3989, -0.8359, 1.0506, -0.7216, 0.0227, -0.7458, 0.1587, -1.0318, -0.8091, 2.2945, 0.8442, 0.3694, 0.5141, 0.3056, -0.0889, 0.7567, -0.827, 1.5955, 0.1203, 0.8017, 1.5734, 0.4912, -0.8105, 1.2195]"
30,indecisiveness,ARUM,-2.2806693232658123e-06,100.00000456133864,115.12925921104093,"[0.5718, 0.4959, -1.4199, 1.2325, -1.5718, -1.2459, -2.3008, -2.3302, 1.6237, -0.1872, 3.5285, -0.3167, 0.4786, 1.643, 0.3402, -0.9992, -1.0939, -0.3476, 0.4553, -0.618, -1.4328, 0.9263, -0.6857, 0.0548, -1.908, 2.7847, -0.6143, -0.0394, -0.4215, -1.1617, -1.2645, 1.0815, 0.9084, -0.9653, -0.6259, -1.2877, -0.4914, 2.0224, -2.007, -2.588, -0.483, 0.4051, -2.7381, 0.9149, -0.6199, -0.6831, -0.8484, 1.5459, 1.3945, 0.8264]"
30,indecisiveness,APUM,5.595915578148144e-05,99.99988808168844,115.12914273139073,"[-2.4329, 0.7887, 0.1383, 1.0873, -0.5727, 0.6011, -1.3432, -0.5709, 0.9263, -0.6632, 1.3974, -0.6692, 0.3583, 0.5181, 0.5035, -0.8081, 0.5799, -1.3626, 0.2226, -0.7924, -0.066, 0.5857, -0.2321, -3.076, -2.3582, -0.731, -0.3455, 1.422, -0.7641, -1.024, -0.1764, -0.9058, 1.4976, -0.069, -1.0889, -0.9342, -0.6471, 1.1237, -1.3179, 0.8951, 0.0471, 2.7355, 0.9254, -1.7582, 0.1721, -2.0112, 0.8927, 0.794, -0.1504, -0.0503]"
30,experimentation,Luce,-10.852599126312306,25.705198252624612,26.310368438612706,"[-0.0783, 1.5992]"
30,experimentation,RUM,-128.9447651776666,261.8895303553332,262.49470054132127,"[0.5789, 1.4881]"
30,experimentation,ARUM,-10.852599126307105,25.70519825261421,26.310368438602303,"[-0.0783, 1.5992]"
30,experimentation,APUM,-9.766198714141323,23.532397428282646,24.137567614270736,"[-0.0712, 1.4514]"
